[2026-03-14T22:04:47.066+0800] CardTable entry size: 512
[2026-03-14T22:04:47.066+0800] Using G1
[2026-03-14T22:04:47.067+0800] Version: 24.0.2-internal-WL.jdk24.20250907-release (release)
[2026-03-14T22:04:47.067+0800] CPUs: 10 total, 10 available
[2026-03-14T22:04:47.067+0800] Memory: 65536M
[2026-03-14T22:04:47.067+0800] Large Page Support: Disabled
[2026-03-14T22:04:47.067+0800] NUMA Support: Disabled
[2026-03-14T22:04:47.067+0800] Compressed Oops: Enabled (Zero based)
[2026-03-14T22:04:47.067+0800] Heap Region Size: 1M
[2026-03-14T22:04:47.067+0800] Heap Min Capacity: 512M
[2026-03-14T22:04:47.067+0800] Heap Initial Capacity: 512M
[2026-03-14T22:04:47.067+0800] Heap Max Capacity: 512M
[2026-03-14T22:04:47.067+0800] Pre-touch: Disabled
[2026-03-14T22:04:47.067+0800] Parallel Workers: 9
[2026-03-14T22:04:47.067+0800] Concurrent Workers: 2
[2026-03-14T22:04:47.067+0800] Concurrent Refinement Workers: 9
[2026-03-14T22:04:47.067+0800] Periodic GC: Disabled
[2026-03-14T22:04:47.071+0800] CDS archive(s) mapped at: [0x000000f000000000-0x000000f000d18000-0x000000f000d18000), size 13729792, SharedBaseAddress: 0x000000f000000000, ArchiveRelocationMode: 1.
[2026-03-14T22:04:47.071+0800] Compressed class space mapped at: 0x000000f001000000-0x000000f041000000, reserved size: 1073741824
[2026-03-14T22:04:47.071+0800] UseCompressedClassPointers 1, UseCompactObjectHeaders 0
[2026-03-14T22:04:47.071+0800] Narrow klass pointer bits 32, Max shift 3
[2026-03-14T22:04:47.071+0800] Narrow klass base: 0x000000f000000000, Narrow klass shift: 0
[2026-03-14T22:04:47.071+0800] Encoding Range: [0x000000f000000000 - 0x000000f100000000), (4294967296 bytes)
[2026-03-14T22:04:47.071+0800] Klass Range:    [0x000000f000000000 - 0x000000f041000000), (1090519040 bytes)
[2026-03-14T22:04:47.071+0800] Klass ID Range:  [8 - 1090519033) (1090519025)
[2026-03-14T22:04:57.143+0800] GC(0) Pause Young (Normal) (G1 Evacuation Pause)
[2026-03-14T22:04:57.144+0800] GC(0) Using 9 workers of 9 for evacuation
[2026-03-14T22:04:57.156+0800] GC(0)   Pre Evacuate Collection Set: 0.16ms
[2026-03-14T22:04:57.156+0800] GC(0)   Merge Heap Roots: 0.07ms
[2026-03-14T22:04:57.156+0800] GC(0)   Evacuate Collection Set: 11.36ms
[2026-03-14T22:04:57.156+0800] GC(0)   Post Evacuate Collection Set: 0.41ms
[2026-03-14T22:04:57.156+0800] GC(0)   Other: 0.41ms
[2026-03-14T22:04:57.156+0800] GC(0) Eden regions: 47->0(167)
[2026-03-14T22:04:57.156+0800] GC(0) Survivor regions: 0->6(6)
[2026-03-14T22:04:57.156+0800] GC(0) Old regions: 2->2
[2026-03-14T22:04:57.156+0800] GC(0) Humongous regions: 100->100
[2026-03-14T22:04:57.156+0800] GC(0) Metaspace: 9550K(9792K)->9550K(9792K) NonClass: 8793K(8960K)->8793K(8960K) Class: 757K(832K)->757K(832K)
[2026-03-14T22:04:57.156+0800] GC(0) Pause Young (Normal) (G1 Evacuation Pause) 148M->107M(512M) 12.664ms
[2026-03-14T22:04:57.156+0800] GC(0) User=0.02s Sys=0.00s Real=0.01s
[2026-03-14T22:05:06.435+0800] GC(1) Pause Young (Normal) (G1 Evacuation Pause)
[2026-03-14T22:05:06.435+0800] GC(1) Using 9 workers of 9 for evacuation
[2026-03-14T22:05:06.451+0800] GC(1)   Pre Evacuate Collection Set: 0.14ms
[2026-03-14T22:05:06.451+0800] GC(1)   Merge Heap Roots: 0.08ms
[2026-03-14T22:05:06.451+0800] GC(1)   Evacuate Collection Set: 14.17ms
[2026-03-14T22:05:06.451+0800] GC(1)   Post Evacuate Collection Set: 0.54ms
[2026-03-14T22:05:06.451+0800] GC(1)   Other: 0.11ms
[2026-03-14T22:05:06.451+0800] GC(1) Eden regions: 167->0(201)
[2026-03-14T22:05:06.451+0800] GC(1) Survivor regions: 6->7(22)
[2026-03-14T22:05:06.451+0800] GC(1) Old regions: 2->2
[2026-03-14T22:05:06.451+0800] GC(1) Humongous regions: 100->100
[2026-03-14T22:05:06.451+0800] GC(1) Metaspace: 9601K(9792K)->9601K(9792K) NonClass: 8842K(8960K)->8842K(8960K) Class: 758K(832K)->758K(832K)
[2026-03-14T22:05:06.451+0800] GC(1) Pause Young (Normal) (G1 Evacuation Pause) 274M->107M(512M) 15.231ms
[2026-03-14T22:05:06.451+0800] GC(1) User=0.02s Sys=0.01s Real=0.02s
[2026-03-14T22:05:13.034+0800] GC(2) Pause Young (Normal) (G1 Evacuation Pause)
[2026-03-14T22:05:13.034+0800] GC(2) Using 9 workers of 9 for evacuation
[2026-03-14T22:05:13.037+0800] GC(2)   Pre Evacuate Collection Set: 0.10ms
[2026-03-14T22:05:13.037+0800] GC(2)   Merge Heap Roots: 0.09ms
[2026-03-14T22:05:13.037+0800] GC(2)   Evacuate Collection Set: 2.43ms
[2026-03-14T22:05:13.037+0800] GC(2)   Post Evacuate Collection Set: 0.44ms
[2026-03-14T22:05:13.037+0800] GC(2)   Other: 0.09ms
[2026-03-14T22:05:13.037+0800] GC(2) Eden regions: 201->0(230)
[2026-03-14T22:05:13.037+0800] GC(2) Survivor regions: 7->7(26)
[2026-03-14T22:05:13.037+0800] GC(2) Old regions: 2->2
[2026-03-14T22:05:13.037+0800] GC(2) Humongous regions: 100->100
[2026-03-14T22:05:13.037+0800] GC(2) Metaspace: 9622K(9856K)->9622K(9856K) NonClass: 8862K(9024K)->8862K(9024K) Class: 759K(832K)->759K(832K)
[2026-03-14T22:05:13.037+0800] GC(2) Pause Young (Normal) (G1 Evacuation Pause) 308M->107M(512M) 3.321ms
[2026-03-14T22:05:13.037+0800] GC(2) User=0.01s Sys=0.01s Real=0.00s
[2026-03-14T22:05:20.548+0800] GC(3) Pause Young (Normal) (G1 Evacuation Pause)
[2026-03-14T22:05:20.548+0800] GC(3) Using 9 workers of 9 for evacuation
[2026-03-14T22:05:20.553+0800] GC(3)   Pre Evacuate Collection Set: 0.28ms
[2026-03-14T22:05:20.553+0800] GC(3)   Merge Heap Roots: 0.24ms
[2026-03-14T22:05:20.553+0800] GC(3)   Evacuate Collection Set: 3.82ms
[2026-03-14T22:05:20.553+0800] GC(3)   Post Evacuate Collection Set: 0.69ms
[2026-03-14T22:05:20.553+0800] GC(3)   Other: 0.14ms
[2026-03-14T22:05:20.553+0800] GC(3) Eden regions: 230->0(248)
[2026-03-14T22:05:20.553+0800] GC(3) Survivor regions: 7->7(30)
[2026-03-14T22:05:20.553+0800] GC(3) Old regions: 2->2
[2026-03-14T22:05:20.553+0800] GC(3) Humongous regions: 100->100
[2026-03-14T22:05:20.553+0800] GC(3) Metaspace: 9630K(9856K)->9630K(9856K) NonClass: 8870K(9024K)->8870K(9024K) Class: 759K(832K)->759K(832K)
[2026-03-14T22:05:20.553+0800] GC(3) Pause Young (Normal) (G1 Evacuation Pause) 337M->107M(512M) 5.443ms
[2026-03-14T22:05:20.553+0800] GC(3) User=0.02s Sys=0.01s Real=0.01s
[2026-03-14T22:05:28.639+0800] GC(4) Pause Young (Normal) (G1 Evacuation Pause)
[2026-03-14T22:05:28.639+0800] GC(4) Using 9 workers of 9 for evacuation
[2026-03-14T22:05:28.643+0800] GC(4)   Pre Evacuate Collection Set: 0.14ms
[2026-03-14T22:05:28.643+0800] GC(4)   Merge Heap Roots: 0.14ms
[2026-03-14T22:05:28.643+0800] GC(4)   Evacuate Collection Set: 2.92ms
[2026-03-14T22:05:28.643+0800] GC(4)   Post Evacuate Collection Set: 0.73ms
[2026-03-14T22:05:28.643+0800] GC(4)   Other: 0.11ms
[2026-03-14T22:05:28.643+0800] GC(4) Eden regions: 248->0(265)
[2026-03-14T22:05:28.643+0800] GC(4) Survivor regions: 7->7(32)
[2026-03-14T22:05:28.643+0800] GC(4) Old regions: 2->2
[2026-03-14T22:05:28.643+0800] GC(4) Humongous regions: 100->100
[2026-03-14T22:05:28.643+0800] GC(4) Metaspace: 9658K(9856K)->9658K(9856K) NonClass: 8898K(9024K)->8898K(9024K) Class: 759K(832K)->759K(832K)
[2026-03-14T22:05:28.643+0800] GC(4) Pause Young (Normal) (G1 Evacuation Pause) 355M->107M(512M) 4.290ms
[2026-03-14T22:05:28.643+0800] GC(4) User=0.02s Sys=0.00s Real=0.01s
[2026-03-14T22:05:37.386+0800] GC(5) Pause Young (Normal) (G1 Evacuation Pause)
[2026-03-14T22:05:37.387+0800] GC(5) Using 9 workers of 9 for evacuation
[2026-03-14T22:05:37.392+0800] GC(5)   Pre Evacuate Collection Set: 0.34ms
[2026-03-14T22:05:37.392+0800] GC(5)   Merge Heap Roots: 0.23ms
[2026-03-14T22:05:37.392+0800] GC(5)   Evacuate Collection Set: 3.55ms
[2026-03-14T22:05:37.392+0800] GC(5)   Post Evacuate Collection Set: 0.79ms
[2026-03-14T22:05:37.392+0800] GC(5)   Other: 0.17ms
[2026-03-14T22:05:37.392+0800] GC(5) Eden regions: 265->0(279)
[2026-03-14T22:05:37.392+0800] GC(5) Survivor regions: 7->7(34)
[2026-03-14T22:05:37.392+0800] GC(5) Old regions: 2->2
[2026-03-14T22:05:37.392+0800] GC(5) Humongous regions: 100->100
[2026-03-14T22:05:37.392+0800] GC(5) Metaspace: 9672K(9856K)->9672K(9856K) NonClass: 8912K(9024K)->8912K(9024K) Class: 759K(832K)->759K(832K)
[2026-03-14T22:05:37.392+0800] GC(5) Pause Young (Normal) (G1 Evacuation Pause) 372M->108M(512M) 5.420ms
[2026-03-14T22:05:37.392+0800] GC(5) User=0.02s Sys=0.00s Real=0.01s
[2026-03-14T22:05:46.596+0800] GC(6) Pause Young (Normal) (G1 Evacuation Pause)
[2026-03-14T22:05:46.597+0800] GC(6) Using 9 workers of 9 for evacuation
[2026-03-14T22:05:46.603+0800] GC(6)   Pre Evacuate Collection Set: 0.34ms
[2026-03-14T22:05:46.603+0800] GC(6)   Merge Heap Roots: 0.18ms
[2026-03-14T22:05:46.603+0800] GC(6)   Evacuate Collection Set: 4.36ms
[2026-03-14T22:05:46.603+0800] GC(6)   Post Evacuate Collection Set: 0.98ms
[2026-03-14T22:05:46.603+0800] GC(6)   Other: 0.14ms
[2026-03-14T22:05:46.603+0800] GC(6) Eden regions: 279->0(292)
[2026-03-14T22:05:46.603+0800] GC(6) Survivor regions: 7->7(36)
[2026-03-14T22:05:46.603+0800] GC(6) Old regions: 2->2
[2026-03-14T22:05:46.603+0800] GC(6) Humongous regions: 100->100
[2026-03-14T22:05:46.603+0800] GC(6) Metaspace: 9672K(9856K)->9672K(9856K) NonClass: 8912K(9024K)->8912K(9024K) Class: 759K(832K)->759K(832K)
[2026-03-14T22:05:46.603+0800] GC(6) Pause Young (Normal) (G1 Evacuation Pause) 387M->108M(512M) 6.341ms
[2026-03-14T22:05:46.603+0800] GC(6) User=0.03s Sys=0.01s Real=0.01s
[2026-03-14T22:05:56.267+0800] GC(7) Pause Young (Normal) (G1 Evacuation Pause)
[2026-03-14T22:05:56.267+0800] GC(7) Using 9 workers of 9 for evacuation
[2026-03-14T22:05:56.269+0800] GC(7)   Pre Evacuate Collection Set: 0.10ms
[2026-03-14T22:05:56.269+0800] GC(7)   Merge Heap Roots: 0.05ms
[2026-03-14T22:05:56.269+0800] GC(7)   Evacuate Collection Set: 1.76ms
[2026-03-14T22:05:56.269+0800] GC(7)   Post Evacuate Collection Set: 0.39ms
[2026-03-14T22:05:56.269+0800] GC(7)   Other: 0.07ms
[2026-03-14T22:05:56.269+0800] GC(7) Eden regions: 292->0(300)
[2026-03-14T22:05:56.269+0800] GC(7) Survivor regions: 7->7(38)
[2026-03-14T22:05:56.269+0800] GC(7) Old regions: 2->2
[2026-03-14T22:05:56.269+0800] GC(7) Humongous regions: 100->100
[2026-03-14T22:05:56.269+0800] GC(7) Metaspace: 9672K(9856K)->9672K(9856K) NonClass: 8912K(9024K)->8912K(9024K) Class: 759K(832K)->759K(832K)
[2026-03-14T22:05:56.269+0800] GC(7) Pause Young (Normal) (G1 Evacuation Pause) 400M->108M(512M) 2.539ms
[2026-03-14T22:05:56.269+0800] GC(7) User=0.01s Sys=0.00s Real=0.00s
[2026-03-14T22:06:06.203+0800] GC(8) Pause Young (Normal) (G1 Evacuation Pause)
[2026-03-14T22:06:06.203+0800] GC(8) Using 9 workers of 9 for evacuation
[2026-03-14T22:06:06.206+0800] GC(8)   Pre Evacuate Collection Set: 0.12ms
[2026-03-14T22:06:06.206+0800] GC(8)   Merge Heap Roots: 0.11ms
[2026-03-14T22:06:06.206+0800] GC(8)   Evacuate Collection Set: 2.15ms
[2026-03-14T22:06:06.206+0800] GC(8)   Post Evacuate Collection Set: 0.56ms
[2026-03-14T22:06:06.206+0800] GC(8)   Other: 0.09ms
[2026-03-14T22:06:06.206+0800] GC(8) Eden regions: 300->0(300)
[2026-03-14T22:06:06.206+0800] GC(8) Survivor regions: 7->7(39)
[2026-03-14T22:06:06.206+0800] GC(8) Old regions: 2->2
[2026-03-14T22:06:06.206+0800] GC(8) Humongous regions: 100->100
[2026-03-14T22:06:06.206+0800] GC(8) Metaspace: 9672K(9856K)->9672K(9856K) NonClass: 8912K(9024K)->8912K(9024K) Class: 759K(832K)->759K(832K)
[2026-03-14T22:06:06.206+0800] GC(8) Pause Young (Normal) (G1 Evacuation Pause) 408M->107M(512M) 3.249ms
[2026-03-14T22:06:06.206+0800] GC(8) User=0.02s Sys=0.01s Real=0.00s
[2026-03-14T22:06:16.148+0800] GC(9) Pause Young (Normal) (G1 Evacuation Pause)
[2026-03-14T22:06:16.148+0800] GC(9) Using 9 workers of 9 for evacuation
[2026-03-14T22:06:16.153+0800] GC(9)   Pre Evacuate Collection Set: 0.10ms
[2026-03-14T22:06:16.153+0800] GC(9)   Merge Heap Roots: 0.11ms
[2026-03-14T22:06:16.153+0800] GC(9)   Evacuate Collection Set: 4.00ms
[2026-03-14T22:06:16.153+0800] GC(9)   Post Evacuate Collection Set: 0.50ms
[2026-03-14T22:06:16.153+0800] GC(9)   Other: 0.08ms
[2026-03-14T22:06:16.153+0800] GC(9) Eden regions: 300->0(300)
[2026-03-14T22:06:16.153+0800] GC(9) Survivor regions: 7->7(39)
[2026-03-14T22:06:16.153+0800] GC(9) Old regions: 2->2
[2026-03-14T22:06:16.153+0800] GC(9) Humongous regions: 100->100
[2026-03-14T22:06:16.153+0800] GC(9) Metaspace: 9672K(9856K)->9672K(9856K) NonClass: 8912K(9024K)->8912K(9024K) Class: 759K(832K)->759K(832K)
[2026-03-14T22:06:16.153+0800] GC(9) Pause Young (Normal) (G1 Evacuation Pause) 407M->108M(512M) 4.962ms
[2026-03-14T22:06:16.153+0800] GC(9) User=0.01s Sys=0.00s Real=0.01s
[2026-03-14T22:06:26.111+0800] GC(10) Pause Young (Normal) (G1 Evacuation Pause)
[2026-03-14T22:06:26.111+0800] GC(10) Using 9 workers of 9 for evacuation
[2026-03-14T22:06:26.114+0800] GC(10)   Pre Evacuate Collection Set: 0.11ms
[2026-03-14T22:06:26.114+0800] GC(10)   Merge Heap Roots: 0.11ms
[2026-03-14T22:06:26.114+0800] GC(10)   Evacuate Collection Set: 1.83ms
[2026-03-14T22:06:26.114+0800] GC(10)   Post Evacuate Collection Set: 0.49ms
[2026-03-14T22:06:26.114+0800] GC(10)   Other: 0.07ms
[2026-03-14T22:06:26.114+0800] GC(10) Eden regions: 300->0(300)
[2026-03-14T22:06:26.114+0800] GC(10) Survivor regions: 7->7(39)
[2026-03-14T22:06:26.114+0800] GC(10) Old regions: 2->2
[2026-03-14T22:06:26.114+0800] GC(10) Humongous regions: 100->100
[2026-03-14T22:06:26.114+0800] GC(10) Metaspace: 9672K(9856K)->9672K(9856K) NonClass: 8912K(9024K)->8912K(9024K) Class: 759K(832K)->759K(832K)
[2026-03-14T22:06:26.114+0800] GC(10) Pause Young (Normal) (G1 Evacuation Pause) 408M->108M(512M) 2.772ms
[2026-03-14T22:06:26.114+0800] GC(10) User=0.02s Sys=0.00s Real=0.00s
[2026-03-14T22:06:36.058+0800] GC(11) Pause Young (Normal) (G1 Evacuation Pause)
[2026-03-14T22:06:36.058+0800] GC(11) Using 9 workers of 9 for evacuation
[2026-03-14T22:06:36.061+0800] GC(11)   Pre Evacuate Collection Set: 0.14ms
[2026-03-14T22:06:36.061+0800] GC(11)   Merge Heap Roots: 0.10ms
[2026-03-14T22:06:36.061+0800] GC(11)   Evacuate Collection Set: 1.85ms
[2026-03-14T22:06:36.061+0800] GC(11)   Post Evacuate Collection Set: 0.66ms
[2026-03-14T22:06:36.061+0800] GC(11)   Other: 0.10ms
[2026-03-14T22:06:36.061+0800] GC(11) Eden regions: 300->0(300)
[2026-03-14T22:06:36.061+0800] GC(11) Survivor regions: 7->7(39)
[2026-03-14T22:06:36.061+0800] GC(11) Old regions: 2->2
[2026-03-14T22:06:36.061+0800] GC(11) Humongous regions: 100->100
[2026-03-14T22:06:36.061+0800] GC(11) Metaspace: 9672K(9856K)->9672K(9856K) NonClass: 8912K(9024K)->8912K(9024K) Class: 759K(832K)->759K(832K)
[2026-03-14T22:06:36.061+0800] GC(11) Pause Young (Normal) (G1 Evacuation Pause) 408M->108M(512M) 3.101ms
[2026-03-14T22:06:36.061+0800] GC(11) User=0.02s Sys=0.00s Real=0.01s
[2026-03-14T22:06:46.031+0800] GC(12) Pause Young (Normal) (G1 Evacuation Pause)
[2026-03-14T22:06:46.031+0800] GC(12) Using 9 workers of 9 for evacuation
[2026-03-14T22:06:46.034+0800] GC(12)   Pre Evacuate Collection Set: 0.13ms
[2026-03-14T22:06:46.034+0800] GC(12)   Merge Heap Roots: 0.11ms
[2026-03-14T22:06:46.034+0800] GC(12)   Evacuate Collection Set: 1.56ms
[2026-03-14T22:06:46.034+0800] GC(12)   Post Evacuate Collection Set: 0.43ms
[2026-03-14T22:06:46.034+0800] GC(12)   Other: 0.07ms
[2026-03-14T22:06:46.034+0800] GC(12) Eden regions: 300->0(299)
[2026-03-14T22:06:46.034+0800] GC(12) Survivor regions: 7->8(39)
[2026-03-14T22:06:46.034+0800] GC(12) Old regions: 2->2
[2026-03-14T22:06:46.034+0800] GC(12) Humongous regions: 100->100
[2026-03-14T22:06:46.034+0800] GC(12) Metaspace: 9672K(9856K)->9672K(9856K) NonClass: 8912K(9024K)->8912K(9024K) Class: 759K(832K)->759K(832K)
[2026-03-14T22:06:46.034+0800] GC(12) Pause Young (Normal) (G1 Evacuation Pause) 408M->108M(512M) 2.499ms
[2026-03-14T22:06:46.034+0800] GC(12) User=0.02s Sys=0.00s Real=0.00s
[2026-03-14T22:06:55.970+0800] GC(13) Pause Young (Normal) (G1 Evacuation Pause)
[2026-03-14T22:06:55.970+0800] GC(13) Using 9 workers of 9 for evacuation
[2026-03-14T22:06:55.974+0800] GC(13)   Pre Evacuate Collection Set: 0.13ms
[2026-03-14T22:06:55.974+0800] GC(13)   Merge Heap Roots: 0.13ms
[2026-03-14T22:06:55.974+0800] GC(13)   Evacuate Collection Set: 2.34ms
[2026-03-14T22:06:55.974+0800] GC(13)   Post Evacuate Collection Set: 0.72ms
[2026-03-14T22:06:55.974+0800] GC(13)   Other: 0.10ms
[2026-03-14T22:06:55.974+0800] GC(13) Eden regions: 299->0(300)
[2026-03-14T22:06:55.974+0800] GC(13) Survivor regions: 8->7(39)
[2026-03-14T22:06:55.974+0800] GC(13) Old regions: 2->2
[2026-03-14T22:06:55.974+0800] GC(13) Humongous regions: 100->100
[2026-03-14T22:06:55.974+0800] GC(13) Metaspace: 9672K(9856K)->9672K(9856K) NonClass: 8912K(9024K)->8912K(9024K) Class: 759K(832K)->759K(832K)
[2026-03-14T22:06:55.974+0800] GC(13) Pause Young (Normal) (G1 Evacuation Pause) 407M->107M(512M) 3.698ms
[2026-03-14T22:06:55.974+0800] GC(13) User=0.02s Sys=0.00s Real=0.00s
[2026-03-14T22:07:05.928+0800] GC(14) Pause Young (Normal) (G1 Evacuation Pause)
[2026-03-14T22:07:05.928+0800] GC(14) Using 9 workers of 9 for evacuation
[2026-03-14T22:07:05.931+0800] GC(14)   Pre Evacuate Collection Set: 0.14ms
[2026-03-14T22:07:05.931+0800] GC(14)   Merge Heap Roots: 0.15ms
[2026-03-14T22:07:05.931+0800] GC(14)   Evacuate Collection Set: 2.41ms
[2026-03-14T22:07:05.931+0800] GC(14)   Post Evacuate Collection Set: 0.73ms
[2026-03-14T22:07:05.931+0800] GC(14)   Other: 0.10ms
[2026-03-14T22:07:05.931+0800] GC(14) Eden regions: 300->0(299)
[2026-03-14T22:07:05.931+0800] GC(14) Survivor regions: 7->8(39)
[2026-03-14T22:07:05.931+0800] GC(14) Old regions: 2->2
[2026-03-14T22:07:05.931+0800] GC(14) Humongous regions: 100->100
[2026-03-14T22:07:05.931+0800] GC(14) Metaspace: 9672K(9856K)->9672K(9856K) NonClass: 8912K(9024K)->8912K(9024K) Class: 759K(832K)->759K(832K)
[2026-03-14T22:07:05.931+0800] GC(14) Pause Young (Normal) (G1 Evacuation Pause) 407M->108M(512M) 3.782ms
[2026-03-14T22:07:05.931+0800] GC(14) User=0.02s Sys=0.00s Real=0.01s
[2026-03-14T22:07:15.851+0800] GC(15) Pause Young (Normal) (G1 Evacuation Pause)
[2026-03-14T22:07:15.851+0800] GC(15) Using 9 workers of 9 for evacuation
[2026-03-14T22:07:15.854+0800] GC(15)   Pre Evacuate Collection Set: 0.13ms
[2026-03-14T22:07:15.854+0800] GC(15)   Merge Heap Roots: 0.08ms
[2026-03-14T22:07:15.854+0800] GC(15)   Evacuate Collection Set: 2.48ms
[2026-03-14T22:07:15.854+0800] GC(15)   Post Evacuate Collection Set: 0.52ms
[2026-03-14T22:07:15.854+0800] GC(15)   Other: 0.09ms
[2026-03-14T22:07:15.854+0800] GC(15) Eden regions: 299->0(305)
[2026-03-14T22:07:15.854+0800] GC(15) Survivor regions: 8->2(39)
[2026-03-14T22:07:15.854+0800] GC(15) Old regions: 2->8
[2026-03-14T22:07:15.854+0800] GC(15) Humongous regions: 100->100
[2026-03-14T22:07:15.854+0800] GC(15) Metaspace: 9672K(9856K)->9672K(9856K) NonClass: 8912K(9024K)->8912K(9024K) Class: 759K(832K)->759K(832K)
[2026-03-14T22:07:15.854+0800] GC(15) Pause Young (Normal) (G1 Evacuation Pause) 407M->108M(512M) 3.596ms
[2026-03-14T22:07:15.854+0800] GC(15) User=0.02s Sys=0.01s Real=0.00s
[2026-03-14T22:07:25.993+0800] GC(16) Pause Young (Normal) (G1 Evacuation Pause)
[2026-03-14T22:07:25.993+0800] GC(16) Using 9 workers of 9 for evacuation
[2026-03-14T22:07:25.996+0800] GC(16)   Pre Evacuate Collection Set: 0.28ms
[2026-03-14T22:07:25.996+0800] GC(16)   Merge Heap Roots: 0.14ms
[2026-03-14T22:07:25.996+0800] GC(16)   Evacuate Collection Set: 1.76ms
[2026-03-14T22:07:25.996+0800] GC(16)   Post Evacuate Collection Set: 0.38ms
[2026-03-14T22:07:25.996+0800] GC(16)   Other: 0.14ms
[2026-03-14T22:07:25.996+0800] GC(16) Eden regions: 305->0(306)
[2026-03-14T22:07:25.996+0800] GC(16) Survivor regions: 2->1(39)
[2026-03-14T22:07:25.996+0800] GC(16) Old regions: 8->9
[2026-03-14T22:07:25.996+0800] GC(16) Humongous regions: 100->100
[2026-03-14T22:07:25.996+0800] GC(16) Metaspace: 9672K(9856K)->9672K(9856K) NonClass: 8912K(9024K)->8912K(9024K) Class: 759K(832K)->759K(832K)
[2026-03-14T22:07:25.996+0800] GC(16) Pause Young (Normal) (G1 Evacuation Pause) 413M->108M(512M) 3.054ms
[2026-03-14T22:07:25.996+0800] GC(16) User=0.00s Sys=0.00s Real=0.00s
[2026-03-14T22:07:36.149+0800] GC(17) Pause Young (Normal) (G1 Evacuation Pause)
[2026-03-14T22:07:36.149+0800] GC(17) Using 9 workers of 9 for evacuation
[2026-03-14T22:07:36.151+0800] GC(17)   Pre Evacuate Collection Set: 0.32ms
[2026-03-14T22:07:36.151+0800] GC(17)   Merge Heap Roots: 0.29ms
[2026-03-14T22:07:36.151+0800] GC(17)   Evacuate Collection Set: 0.62ms
[2026-03-14T22:07:36.151+0800] GC(17)   Post Evacuate Collection Set: 0.29ms
[2026-03-14T22:07:36.151+0800] GC(17)   Other: 0.15ms
[2026-03-14T22:07:36.151+0800] GC(17) Eden regions: 306->0(306)
[2026-03-14T22:07:36.151+0800] GC(17) Survivor regions: 1->1(39)
[2026-03-14T22:07:36.151+0800] GC(17) Old regions: 9->9
[2026-03-14T22:07:36.151+0800] GC(17) Humongous regions: 100->100
[2026-03-14T22:07:36.151+0800] GC(17) Metaspace: 9672K(9856K)->9672K(9856K) NonClass: 8912K(9024K)->8912K(9024K) Class: 759K(832K)->759K(832K)
[2026-03-14T22:07:36.151+0800] GC(17) Pause Young (Normal) (G1 Evacuation Pause) 414M->108M(512M) 2.006ms
[2026-03-14T22:07:36.151+0800] GC(17) User=0.00s Sys=0.00s Real=0.01s
[2026-03-14T22:07:46.324+0800] GC(18) Pause Young (Normal) (G1 Evacuation Pause)
[2026-03-14T22:07:46.324+0800] GC(18) Using 9 workers of 9 for evacuation
[2026-03-14T22:07:46.325+0800] GC(18)   Pre Evacuate Collection Set: 0.19ms
[2026-03-14T22:07:46.325+0800] GC(18)   Merge Heap Roots: 0.20ms
[2026-03-14T22:07:46.325+0800] GC(18)   Evacuate Collection Set: 0.73ms
[2026-03-14T22:07:46.325+0800] GC(18)   Post Evacuate Collection Set: 0.41ms
[2026-03-14T22:07:46.325+0800] GC(18)   Other: 0.12ms
[2026-03-14T22:07:46.325+0800] GC(18) Eden regions: 306->0(306)
[2026-03-14T22:07:46.325+0800] GC(18) Survivor regions: 1->1(39)
[2026-03-14T22:07:46.325+0800] GC(18) Old regions: 9->9
[2026-03-14T22:07:46.325+0800] GC(18) Humongous regions: 100->100
[2026-03-14T22:07:46.325+0800] GC(18) Metaspace: 9672K(9856K)->9672K(9856K) NonClass: 8912K(9024K)->8912K(9024K) Class: 759K(832K)->759K(832K)
[2026-03-14T22:07:46.325+0800] GC(18) Pause Young (Normal) (G1 Evacuation Pause) 414M->108M(512M) 1.907ms
[2026-03-14T22:07:46.325+0800] GC(18) User=0.01s Sys=0.00s Real=0.00s
[2026-03-14T22:07:56.491+0800] GC(19) Pause Young (Normal) (G1 Evacuation Pause)
[2026-03-14T22:07:56.491+0800] GC(19) Using 9 workers of 9 for evacuation
[2026-03-14T22:07:56.493+0800] GC(19)   Pre Evacuate Collection Set: 0.18ms
[2026-03-14T22:07:56.493+0800] GC(19)   Merge Heap Roots: 0.16ms
[2026-03-14T22:07:56.493+0800] GC(19)   Evacuate Collection Set: 0.72ms
[2026-03-14T22:07:56.493+0800] GC(19)   Post Evacuate Collection Set: 0.35ms
[2026-03-14T22:07:56.493+0800] GC(19)   Other: 0.10ms
[2026-03-14T22:07:56.493+0800] GC(19) Eden regions: 306->0(306)
[2026-03-14T22:07:56.493+0800] GC(19) Survivor regions: 1->1(39)
[2026-03-14T22:07:56.493+0800] GC(19) Old regions: 9->10
[2026-03-14T22:07:56.493+0800] GC(19) Humongous regions: 100->100
[2026-03-14T22:07:56.493+0800] GC(19) Metaspace: 9672K(9856K)->9672K(9856K) NonClass: 8912K(9024K)->8912K(9024K) Class: 759K(832K)->759K(832K)
[2026-03-14T22:07:56.493+0800] GC(19) Pause Young (Normal) (G1 Evacuation Pause) 414M->108M(512M) 1.716ms
[2026-03-14T22:07:56.493+0800] GC(19) User=0.00s Sys=0.00s Real=0.00s
[2026-03-14T22:08:06.643+0800] GC(20) Pause Young (Normal) (G1 Evacuation Pause)
[2026-03-14T22:08:06.643+0800] GC(20) Using 9 workers of 9 for evacuation
[2026-03-14T22:08:06.644+0800] GC(20)   Pre Evacuate Collection Set: 0.20ms
[2026-03-14T22:08:06.644+0800] GC(20)   Merge Heap Roots: 0.22ms
[2026-03-14T22:08:06.644+0800] GC(20)   Evacuate Collection Set: 0.44ms
[2026-03-14T22:08:06.644+0800] GC(20)   Post Evacuate Collection Set: 0.37ms
[2026-03-14T22:08:06.644+0800] GC(20)   Other: 0.13ms
[2026-03-14T22:08:06.644+0800] GC(20) Eden regions: 306->0(306)
[2026-03-14T22:08:06.644+0800] GC(20) Survivor regions: 1->1(39)
[2026-03-14T22:08:06.644+0800] GC(20) Old regions: 10->10
[2026-03-14T22:08:06.644+0800] GC(20) Humongous regions: 100->100
[2026-03-14T22:08:06.644+0800] GC(20) Metaspace: 9672K(9856K)->9672K(9856K) NonClass: 8912K(9024K)->8912K(9024K) Class: 759K(832K)->759K(832K)
[2026-03-14T22:08:06.644+0800] GC(20) Pause Young (Normal) (G1 Evacuation Pause) 414M->108M(512M) 1.585ms
[2026-03-14T22:08:06.644+0800] GC(20) User=0.00s Sys=0.00s Real=0.00s
[2026-03-14T22:08:16.801+0800] GC(21) Pause Young (Normal) (G1 Evacuation Pause)
[2026-03-14T22:08:16.801+0800] GC(21) Using 9 workers of 9 for evacuation
[2026-03-14T22:08:16.803+0800] GC(21)   Pre Evacuate Collection Set: 0.14ms
[2026-03-14T22:08:16.803+0800] GC(21)   Merge Heap Roots: 0.15ms
[2026-03-14T22:08:16.803+0800] GC(21)   Evacuate Collection Set: 0.39ms
[2026-03-14T22:08:16.803+0800] GC(21)   Post Evacuate Collection Set: 0.46ms
[2026-03-14T22:08:16.803+0800] GC(21)   Other: 0.11ms
[2026-03-14T22:08:16.803+0800] GC(21) Eden regions: 306->0(306)
[2026-03-14T22:08:16.803+0800] GC(21) Survivor regions: 1->1(39)
[2026-03-14T22:08:16.803+0800] GC(21) Old regions: 10->10
[2026-03-14T22:08:16.803+0800] GC(21) Humongous regions: 100->100
[2026-03-14T22:08:16.803+0800] GC(21) Metaspace: 9672K(9856K)->9672K(9856K) NonClass: 8912K(9024K)->8912K(9024K) Class: 759K(832K)->759K(832K)
[2026-03-14T22:08:16.803+0800] GC(21) Pause Young (Normal) (G1 Evacuation Pause) 414M->108M(512M) 1.485ms
[2026-03-14T22:08:16.803+0800] GC(21) User=0.01s Sys=0.00s Real=0.00s
[2026-03-14T22:08:26.963+0800] GC(22) Pause Young (Normal) (G1 Evacuation Pause)
[2026-03-14T22:08:26.963+0800] GC(22) Using 9 workers of 9 for evacuation
[2026-03-14T22:08:26.964+0800] GC(22)   Pre Evacuate Collection Set: 0.11ms
[2026-03-14T22:08:26.964+0800] GC(22)   Merge Heap Roots: 0.10ms
[2026-03-14T22:08:26.964+0800] GC(22)   Evacuate Collection Set: 0.24ms
[2026-03-14T22:08:26.964+0800] GC(22)   Post Evacuate Collection Set: 0.19ms
[2026-03-14T22:08:26.964+0800] GC(22)   Other: 0.06ms
[2026-03-14T22:08:26.964+0800] GC(22) Eden regions: 306->0(306)
[2026-03-14T22:08:26.964+0800] GC(22) Survivor regions: 1->1(39)
[2026-03-14T22:08:26.964+0800] GC(22) Old regions: 10->10
[2026-03-14T22:08:26.964+0800] GC(22) Humongous regions: 100->100
[2026-03-14T22:08:26.964+0800] GC(22) Metaspace: 9672K(9856K)->9672K(9856K) NonClass: 8912K(9024K)->8912K(9024K) Class: 759K(832K)->759K(832K)
[2026-03-14T22:08:26.964+0800] GC(22) Pause Young (Normal) (G1 Evacuation Pause) 414M->108M(512M) 0.827ms
[2026-03-14T22:08:26.964+0800] GC(22) User=0.00s Sys=0.00s Real=0.00s
[2026-03-14T22:08:37.146+0800] GC(23) Pause Young (Normal) (G1 Evacuation Pause)
[2026-03-14T22:08:37.146+0800] GC(23) Using 9 workers of 9 for evacuation
[2026-03-14T22:08:37.149+0800] GC(23)   Pre Evacuate Collection Set: 0.67ms
[2026-03-14T22:08:37.149+0800] GC(23)   Merge Heap Roots: 0.15ms
[2026-03-14T22:08:37.149+0800] GC(23)   Evacuate Collection Set: 0.82ms
[2026-03-14T22:08:37.149+0800] GC(23)   Post Evacuate Collection Set: 0.36ms
[2026-03-14T22:08:37.149+0800] GC(23)   Other: 0.16ms
[2026-03-14T22:08:37.149+0800] GC(23) Eden regions: 306->0(306)
[2026-03-14T22:08:37.149+0800] GC(23) Survivor regions: 1->1(39)
[2026-03-14T22:08:37.149+0800] GC(23) Old regions: 10->10
[2026-03-14T22:08:37.149+0800] GC(23) Humongous regions: 100->100
[2026-03-14T22:08:37.149+0800] GC(23) Metaspace: 9673K(9856K)->9673K(9856K) NonClass: 8913K(9024K)->8913K(9024K) Class: 759K(832K)->759K(832K)
[2026-03-14T22:08:37.149+0800] GC(23) Pause Young (Normal) (G1 Evacuation Pause) 414M->108M(512M) 2.683ms
[2026-03-14T22:08:37.149+0800] GC(23) User=0.00s Sys=0.00s Real=0.00s
[2026-03-14T22:08:47.313+0800] GC(24) Pause Young (Normal) (G1 Evacuation Pause)
[2026-03-14T22:08:47.313+0800] GC(24) Using 9 workers of 9 for evacuation
[2026-03-14T22:08:47.314+0800] GC(24)   Pre Evacuate Collection Set: 0.09ms
[2026-03-14T22:08:47.314+0800] GC(24)   Merge Heap Roots: 0.12ms
[2026-03-14T22:08:47.314+0800] GC(24)   Evacuate Collection Set: 0.19ms
[2026-03-14T22:08:47.314+0800] GC(24)   Post Evacuate Collection Set: 0.19ms
[2026-03-14T22:08:47.314+0800] GC(24)   Other: 0.06ms
[2026-03-14T22:08:47.314+0800] GC(24) Eden regions: 306->0(306)
[2026-03-14T22:08:47.314+0800] GC(24) Survivor regions: 1->1(39)
[2026-03-14T22:08:47.314+0800] GC(24) Old regions: 10->10
[2026-03-14T22:08:47.314+0800] GC(24) Humongous regions: 100->100
[2026-03-14T22:08:47.314+0800] GC(24) Metaspace: 9673K(9856K)->9673K(9856K) NonClass: 8913K(9024K)->8913K(9024K) Class: 759K(832K)->759K(832K)
[2026-03-14T22:08:47.314+0800] GC(24) Pause Young (Normal) (G1 Evacuation Pause) 414M->108M(512M) 0.772ms
[2026-03-14T22:08:47.314+0800] GC(24) User=0.00s Sys=0.00s Real=0.00s
[2026-03-14T22:08:57.469+0800] GC(25) Pause Young (Normal) (G1 Evacuation Pause)
[2026-03-14T22:08:57.469+0800] GC(25) Using 9 workers of 9 for evacuation
[2026-03-14T22:08:57.470+0800] GC(25)   Pre Evacuate Collection Set: 0.12ms
[2026-03-14T22:08:57.470+0800] GC(25)   Merge Heap Roots: 0.10ms
[2026-03-14T22:08:57.470+0800] GC(25)   Evacuate Collection Set: 0.38ms
[2026-03-14T22:08:57.470+0800] GC(25)   Post Evacuate Collection Set: 0.21ms
[2026-03-14T22:08:57.470+0800] GC(25)   Other: 0.07ms
[2026-03-14T22:08:57.470+0800] GC(25) Eden regions: 306->0(306)
[2026-03-14T22:08:57.470+0800] GC(25) Survivor regions: 1->1(39)
[2026-03-14T22:08:57.470+0800] GC(25) Old regions: 10->10
[2026-03-14T22:08:57.470+0800] GC(25) Humongous regions: 100->100
[2026-03-14T22:08:57.470+0800] GC(25) Metaspace: 9673K(9856K)->9673K(9856K) NonClass: 8913K(9024K)->8913K(9024K) Class: 759K(832K)->759K(832K)
[2026-03-14T22:08:57.470+0800] GC(25) Pause Young (Normal) (G1 Evacuation Pause) 414M->108M(512M) 1.035ms
[2026-03-14T22:08:57.470+0800] GC(25) User=0.00s Sys=0.00s Real=0.01s
[2026-03-14T22:09:07.610+0800] GC(26) Pause Young (Normal) (G1 Evacuation Pause)
[2026-03-14T22:09:07.610+0800] GC(26) Using 9 workers of 9 for evacuation
[2026-03-14T22:09:07.611+0800] GC(26)   Pre Evacuate Collection Set: 0.18ms
[2026-03-14T22:09:07.611+0800] GC(26)   Merge Heap Roots: 0.10ms
[2026-03-14T22:09:07.611+0800] GC(26)   Evacuate Collection Set: 0.34ms
[2026-03-14T22:09:07.611+0800] GC(26)   Post Evacuate Collection Set: 0.30ms
[2026-03-14T22:09:07.611+0800] GC(26)   Other: 0.08ms
[2026-03-14T22:09:07.611+0800] GC(26) Eden regions: 306->0(306)
[2026-03-14T22:09:07.611+0800] GC(26) Survivor regions: 1->1(39)
[2026-03-14T22:09:07.611+0800] GC(26) Old regions: 10->10
[2026-03-14T22:09:07.611+0800] GC(26) Humongous regions: 100->100
[2026-03-14T22:09:07.611+0800] GC(26) Metaspace: 9679K(9856K)->9679K(9856K) NonClass: 8919K(9024K)->8919K(9024K) Class: 759K(832K)->759K(832K)
[2026-03-14T22:09:07.611+0800] GC(26) Pause Young (Normal) (G1 Evacuation Pause) 414M->108M(512M) 1.192ms
[2026-03-14T22:09:07.611+0800] GC(26) User=0.00s Sys=0.00s Real=0.00s
[2026-03-14T22:09:17.774+0800] GC(27) Pause Young (Normal) (G1 Evacuation Pause)
[2026-03-14T22:09:17.774+0800] GC(27) Using 9 workers of 9 for evacuation
[2026-03-14T22:09:17.775+0800] GC(27)   Pre Evacuate Collection Set: 0.19ms
[2026-03-14T22:09:17.776+0800] GC(27)   Merge Heap Roots: 0.16ms
[2026-03-14T22:09:17.776+0800] GC(27)   Evacuate Collection Set: 0.42ms
[2026-03-14T22:09:17.776+0800] GC(27)   Post Evacuate Collection Set: 0.34ms
[2026-03-14T22:09:17.776+0800] GC(27)   Other: 0.14ms
[2026-03-14T22:09:17.776+0800] GC(27) Eden regions: 306->0(306)
[2026-03-14T22:09:17.776+0800] GC(27) Survivor regions: 1->1(39)
[2026-03-14T22:09:17.776+0800] GC(27) Old regions: 10->10
[2026-03-14T22:09:17.776+0800] GC(27) Humongous regions: 100->100
[2026-03-14T22:09:17.776+0800] GC(27) Metaspace: 9679K(9856K)->9679K(9856K) NonClass: 8919K(9024K)->8919K(9024K) Class: 759K(832K)->759K(832K)
[2026-03-14T22:09:17.776+0800] GC(27) Pause Young (Normal) (G1 Evacuation Pause) 414M->108M(512M) 1.493ms
[2026-03-14T22:09:17.776+0800] GC(27) User=0.01s Sys=0.00s Real=0.00s
[2026-03-14T22:09:27.943+0800] GC(28) Pause Young (Normal) (G1 Evacuation Pause)
[2026-03-14T22:09:27.943+0800] GC(28) Using 9 workers of 9 for evacuation
[2026-03-14T22:09:27.944+0800] GC(28)   Pre Evacuate Collection Set: 0.13ms
[2026-03-14T22:09:27.944+0800] GC(28)   Merge Heap Roots: 0.11ms
[2026-03-14T22:09:27.944+0800] GC(28)   Evacuate Collection Set: 0.27ms
[2026-03-14T22:09:27.944+0800] GC(28)   Post Evacuate Collection Set: 0.27ms
[2026-03-14T22:09:27.944+0800] GC(28)   Other: 0.07ms
[2026-03-14T22:09:27.944+0800] GC(28) Eden regions: 306->0(306)
[2026-03-14T22:09:27.944+0800] GC(28) Survivor regions: 1->1(39)
[2026-03-14T22:09:27.944+0800] GC(28) Old regions: 10->10
[2026-03-14T22:09:27.944+0800] GC(28) Humongous regions: 100->100
[2026-03-14T22:09:27.944+0800] GC(28) Metaspace: 9679K(9856K)->9679K(9856K) NonClass: 8919K(9024K)->8919K(9024K) Class: 759K(832K)->759K(832K)
[2026-03-14T22:09:27.944+0800] GC(28) Pause Young (Normal) (G1 Evacuation Pause) 414M->108M(512M) 1.027ms
[2026-03-14T22:09:27.944+0800] GC(28) User=0.00s Sys=0.00s Real=0.00s
[2026-03-14T22:09:38.118+0800] GC(29) Pause Young (Normal) (G1 Evacuation Pause)
[2026-03-14T22:09:38.118+0800] GC(29) Using 9 workers of 9 for evacuation
[2026-03-14T22:09:38.118+0800] GC(29)   Pre Evacuate Collection Set: 0.12ms
[2026-03-14T22:09:38.118+0800] GC(29)   Merge Heap Roots: 0.08ms
[2026-03-14T22:09:38.118+0800] GC(29)   Evacuate Collection Set: 0.23ms
[2026-03-14T22:09:38.118+0800] GC(29)   Post Evacuate Collection Set: 0.21ms
[2026-03-14T22:09:38.118+0800] GC(29)   Other: 0.06ms
[2026-03-14T22:09:38.118+0800] GC(29) Eden regions: 306->0(306)
[2026-03-14T22:09:38.118+0800] GC(29) Survivor regions: 1->1(39)
[2026-03-14T22:09:38.118+0800] GC(29) Old regions: 10->10
[2026-03-14T22:09:38.118+0800] GC(29) Humongous regions: 100->100
[2026-03-14T22:09:38.118+0800] GC(29) Metaspace: 9679K(9856K)->9679K(9856K) NonClass: 8919K(9024K)->8919K(9024K) Class: 759K(832K)->759K(832K)
[2026-03-14T22:09:38.118+0800] GC(29) Pause Young (Normal) (G1 Evacuation Pause) 414M->108M(512M) 0.829ms
[2026-03-14T22:09:38.118+0800] GC(29) User=0.01s Sys=0.00s Real=0.00s
[2026-03-14T22:09:48.295+0800] GC(30) Pause Young (Normal) (G1 Evacuation Pause)
[2026-03-14T22:09:48.296+0800] GC(30) Using 9 workers of 9 for evacuation
[2026-03-14T22:09:48.297+0800] GC(30)   Pre Evacuate Collection Set: 0.59ms
[2026-03-14T22:09:48.297+0800] GC(30)   Merge Heap Roots: 0.09ms
[2026-03-14T22:09:48.297+0800] GC(30)   Evacuate Collection Set: 0.30ms
[2026-03-14T22:09:48.297+0800] GC(30)   Post Evacuate Collection Set: 0.21ms
[2026-03-14T22:09:48.297+0800] GC(30)   Other: 0.07ms
[2026-03-14T22:09:48.297+0800] GC(30) Eden regions: 306->0(306)
[2026-03-14T22:09:48.297+0800] GC(30) Survivor regions: 1->1(39)
[2026-03-14T22:09:48.297+0800] GC(30) Old regions: 10->10
[2026-03-14T22:09:48.297+0800] GC(30) Humongous regions: 100->100
[2026-03-14T22:09:48.297+0800] GC(30) Metaspace: 9679K(9856K)->9679K(9856K) NonClass: 8919K(9024K)->8919K(9024K) Class: 759K(832K)->759K(832K)
[2026-03-14T22:09:48.297+0800] GC(30) Pause Young (Normal) (G1 Evacuation Pause) 414M->108M(512M) 1.472ms
[2026-03-14T22:09:48.297+0800] GC(30) User=0.01s Sys=0.00s Real=0.00s
[2026-03-14T22:09:58.466+0800] GC(31) Pause Young (Normal) (G1 Evacuation Pause)
[2026-03-14T22:09:58.466+0800] GC(31) Using 9 workers of 9 for evacuation
[2026-03-14T22:09:58.467+0800] GC(31)   Pre Evacuate Collection Set: 0.11ms
[2026-03-14T22:09:58.467+0800] GC(31)   Merge Heap Roots: 0.09ms
[2026-03-14T22:09:58.467+0800] GC(31)   Evacuate Collection Set: 0.21ms
[2026-03-14T22:09:58.467+0800] GC(31)   Post Evacuate Collection Set: 0.20ms
[2026-03-14T22:09:58.467+0800] GC(31)   Other: 0.06ms
[2026-03-14T22:09:58.467+0800] GC(31) Eden regions: 306->0(306)
[2026-03-14T22:09:58.467+0800] GC(31) Survivor regions: 1->1(39)
[2026-03-14T22:09:58.467+0800] GC(31) Old regions: 10->10
[2026-03-14T22:09:58.467+0800] GC(31) Humongous regions: 100->100
[2026-03-14T22:09:58.467+0800] GC(31) Metaspace: 9679K(9856K)->9679K(9856K) NonClass: 8919K(9024K)->8919K(9024K) Class: 759K(832K)->759K(832K)
[2026-03-14T22:09:58.467+0800] GC(31) Pause Young (Normal) (G1 Evacuation Pause) 414M->108M(512M) 0.812ms
[2026-03-14T22:09:58.467+0800] GC(31) User=0.00s Sys=0.00s Real=0.00s
[2026-03-14T22:10:08.634+0800] GC(32) Pause Young (Normal) (G1 Evacuation Pause)
[2026-03-14T22:10:08.634+0800] GC(32) Using 9 workers of 9 for evacuation
[2026-03-14T22:10:08.635+0800] GC(32)   Pre Evacuate Collection Set: 0.13ms
[2026-03-14T22:10:08.635+0800] GC(32)   Merge Heap Roots: 0.08ms
[2026-03-14T22:10:08.635+0800] GC(32)   Evacuate Collection Set: 0.26ms
[2026-03-14T22:10:08.635+0800] GC(32)   Post Evacuate Collection Set: 0.27ms
[2026-03-14T22:10:08.635+0800] GC(32)   Other: 0.07ms
[2026-03-14T22:10:08.635+0800] GC(32) Eden regions: 306->0(306)
[2026-03-14T22:10:08.635+0800] GC(32) Survivor regions: 1->1(39)
[2026-03-14T22:10:08.635+0800] GC(32) Old regions: 10->10
[2026-03-14T22:10:08.635+0800] GC(32) Humongous regions: 100->100
[2026-03-14T22:10:08.635+0800] GC(32) Metaspace: 9679K(9856K)->9679K(9856K) NonClass: 8919K(9024K)->8919K(9024K) Class: 759K(832K)->759K(832K)
[2026-03-14T22:10:08.635+0800] GC(32) Pause Young (Normal) (G1 Evacuation Pause) 414M->108M(512M) 0.953ms
[2026-03-14T22:10:08.635+0800] GC(32) User=0.00s Sys=0.00s Real=0.00s
[2026-03-14T22:10:18.830+0800] GC(33) Pause Young (Normal) (G1 Evacuation Pause)
[2026-03-14T22:10:18.830+0800] GC(33) Using 9 workers of 9 for evacuation
[2026-03-14T22:10:18.831+0800] GC(33)   Pre Evacuate Collection Set: 0.13ms
[2026-03-14T22:10:18.831+0800] GC(33)   Merge Heap Roots: 0.14ms
[2026-03-14T22:10:18.831+0800] GC(33)   Evacuate Collection Set: 0.24ms
[2026-03-14T22:10:18.831+0800] GC(33)   Post Evacuate Collection Set: 0.21ms
[2026-03-14T22:10:18.831+0800] GC(33)   Other: 0.06ms
[2026-03-14T22:10:18.831+0800] GC(33) Eden regions: 306->0(306)
[2026-03-14T22:10:18.831+0800] GC(33) Survivor regions: 1->1(39)
[2026-03-14T22:10:18.831+0800] GC(33) Old regions: 10->10
[2026-03-14T22:10:18.831+0800] GC(33) Humongous regions: 100->100
[2026-03-14T22:10:18.831+0800] GC(33) Metaspace: 9679K(9856K)->9679K(9856K) NonClass: 8919K(9024K)->8919K(9024K) Class: 759K(832K)->759K(832K)
[2026-03-14T22:10:18.831+0800] GC(33) Pause Young (Normal) (G1 Evacuation Pause) 414M->108M(512M) 0.910ms
[2026-03-14T22:10:18.831+0800] GC(33) User=0.01s Sys=0.00s Real=0.00s
[2026-03-14T22:10:29.031+0800] GC(34) Pause Young (Normal) (G1 Evacuation Pause)
[2026-03-14T22:10:29.031+0800] GC(34) Using 9 workers of 9 for evacuation
[2026-03-14T22:10:29.031+0800] GC(34)   Pre Evacuate Collection Set: 0.11ms
[2026-03-14T22:10:29.031+0800] GC(34)   Merge Heap Roots: 0.10ms
[2026-03-14T22:10:29.031+0800] GC(34)   Evacuate Collection Set: 0.25ms
[2026-03-14T22:10:29.031+0800] GC(34)   Post Evacuate Collection Set: 0.19ms
[2026-03-14T22:10:29.031+0800] GC(34)   Other: 0.05ms
[2026-03-14T22:10:29.031+0800] GC(34) Eden regions: 306->0(306)
[2026-03-14T22:10:29.031+0800] GC(34) Survivor regions: 1->1(39)
[2026-03-14T22:10:29.031+0800] GC(34) Old regions: 10->10
[2026-03-14T22:10:29.031+0800] GC(34) Humongous regions: 100->100
[2026-03-14T22:10:29.031+0800] GC(34) Metaspace: 9679K(9856K)->9679K(9856K) NonClass: 8919K(9024K)->8919K(9024K) Class: 759K(832K)->759K(832K)
[2026-03-14T22:10:29.031+0800] GC(34) Pause Young (Normal) (G1 Evacuation Pause) 414M->108M(512M) 0.814ms
[2026-03-14T22:10:29.031+0800] GC(34) User=0.00s Sys=0.01s Real=0.00s
[2026-03-14T22:10:39.235+0800] GC(35) Pause Young (Normal) (G1 Evacuation Pause)
[2026-03-14T22:10:39.235+0800] GC(35) Using 9 workers of 9 for evacuation
[2026-03-14T22:10:39.235+0800] GC(35)   Pre Evacuate Collection Set: 0.17ms
[2026-03-14T22:10:39.235+0800] GC(35)   Merge Heap Roots: 0.09ms
[2026-03-14T22:10:39.235+0800] GC(35)   Evacuate Collection Set: 0.25ms
[2026-03-14T22:10:39.235+0800] GC(35)   Post Evacuate Collection Set: 0.21ms
[2026-03-14T22:10:39.235+0800] GC(35)   Other: 0.05ms
[2026-03-14T22:10:39.235+0800] GC(35) Eden regions: 306->0(306)
[2026-03-14T22:10:39.235+0800] GC(35) Survivor regions: 1->1(39)
[2026-03-14T22:10:39.235+0800] GC(35) Old regions: 10->10
[2026-03-14T22:10:39.235+0800] GC(35) Humongous regions: 100->100
[2026-03-14T22:10:39.235+0800] GC(35) Metaspace: 9679K(9856K)->9679K(9856K) NonClass: 8919K(9024K)->8919K(9024K) Class: 759K(832K)->759K(832K)
[2026-03-14T22:10:39.235+0800] GC(35) Pause Young (Normal) (G1 Evacuation Pause) 414M->108M(512M) 0.885ms
[2026-03-14T22:10:39.235+0800] GC(35) User=0.01s Sys=0.00s Real=0.00s
[2026-03-14T22:10:49.440+0800] GC(36) Pause Young (Normal) (G1 Evacuation Pause)
[2026-03-14T22:10:49.440+0800] GC(36) Using 9 workers of 9 for evacuation
[2026-03-14T22:10:49.441+0800] GC(36)   Pre Evacuate Collection Set: 0.16ms
[2026-03-14T22:10:49.441+0800] GC(36)   Merge Heap Roots: 0.11ms
[2026-03-14T22:10:49.441+0800] GC(36)   Evacuate Collection Set: 0.33ms
[2026-03-14T22:10:49.441+0800] GC(36)   Post Evacuate Collection Set: 0.27ms
[2026-03-14T22:10:49.441+0800] GC(36)   Other: 0.06ms
[2026-03-14T22:10:49.441+0800] GC(36) Eden regions: 306->0(306)
[2026-03-14T22:10:49.441+0800] GC(36) Survivor regions: 1->1(39)
[2026-03-14T22:10:49.441+0800] GC(36) Old regions: 10->10
[2026-03-14T22:10:49.441+0800] GC(36) Humongous regions: 100->100
[2026-03-14T22:10:49.441+0800] GC(36) Metaspace: 9679K(9856K)->9679K(9856K) NonClass: 8919K(9024K)->8919K(9024K) Class: 759K(832K)->759K(832K)
[2026-03-14T22:10:49.441+0800] GC(36) Pause Young (Normal) (G1 Evacuation Pause) 414M->108M(512M) 1.091ms
[2026-03-14T22:10:49.441+0800] GC(36) User=0.00s Sys=0.00s Real=0.00s
[2026-03-14T22:10:59.643+0800] GC(37) Pause Young (Normal) (G1 Evacuation Pause)
[2026-03-14T22:10:59.643+0800] GC(37) Using 9 workers of 9 for evacuation
[2026-03-14T22:10:59.645+0800] GC(37)   Pre Evacuate Collection Set: 0.19ms
[2026-03-14T22:10:59.645+0800] GC(37)   Merge Heap Roots: 0.15ms
[2026-03-14T22:10:59.645+0800] GC(37)   Evacuate Collection Set: 1.07ms
[2026-03-14T22:10:59.645+0800] GC(37)   Post Evacuate Collection Set: 0.37ms
[2026-03-14T22:10:59.645+0800] GC(37)   Other: 0.16ms
[2026-03-14T22:10:59.645+0800] GC(37) Eden regions: 306->0(306)
[2026-03-14T22:10:59.645+0800] GC(37) Survivor regions: 1->1(39)
[2026-03-14T22:10:59.645+0800] GC(37) Old regions: 10->10
[2026-03-14T22:10:59.645+0800] GC(37) Humongous regions: 100->100
[2026-03-14T22:10:59.645+0800] GC(37) Metaspace: 9679K(9856K)->9679K(9856K) NonClass: 8919K(9024K)->8919K(9024K) Class: 759K(832K)->759K(832K)
[2026-03-14T22:10:59.645+0800] GC(37) Pause Young (Normal) (G1 Evacuation Pause) 414M->108M(512M) 2.325ms
[2026-03-14T22:10:59.645+0800] GC(37) User=0.00s Sys=0.00s Real=0.00s
[2026-03-14T22:11:09.817+0800] GC(38) Pause Young (Normal) (G1 Evacuation Pause)
[2026-03-14T22:11:09.817+0800] GC(38) Using 9 workers of 9 for evacuation
[2026-03-14T22:11:09.818+0800] GC(38)   Pre Evacuate Collection Set: 0.12ms
[2026-03-14T22:11:09.818+0800] GC(38)   Merge Heap Roots: 0.08ms
[2026-03-14T22:11:09.818+0800] GC(38)   Evacuate Collection Set: 0.21ms
[2026-03-14T22:11:09.818+0800] GC(38)   Post Evacuate Collection Set: 0.20ms
[2026-03-14T22:11:09.818+0800] GC(38)   Other: 0.06ms
[2026-03-14T22:11:09.818+0800] GC(38) Eden regions: 306->0(306)
[2026-03-14T22:11:09.818+0800] GC(38) Survivor regions: 1->1(39)
[2026-03-14T22:11:09.818+0800] GC(38) Old regions: 10->10
[2026-03-14T22:11:09.818+0800] GC(38) Humongous regions: 100->100
[2026-03-14T22:11:09.818+0800] GC(38) Metaspace: 9679K(9856K)->9679K(9856K) NonClass: 8919K(9024K)->8919K(9024K) Class: 759K(832K)->759K(832K)
[2026-03-14T22:11:09.818+0800] GC(38) Pause Young (Normal) (G1 Evacuation Pause) 414M->108M(512M) 0.800ms
[2026-03-14T22:11:09.818+0800] GC(38) User=0.01s Sys=0.00s Real=0.00s
[2026-03-14T22:11:20.020+0800] GC(39) Pause Young (Normal) (G1 Evacuation Pause)
[2026-03-14T22:11:20.020+0800] GC(39) Using 9 workers of 9 for evacuation
[2026-03-14T22:11:20.021+0800] GC(39)   Pre Evacuate Collection Set: 0.18ms
[2026-03-14T22:11:20.021+0800] GC(39)   Merge Heap Roots: 0.11ms
[2026-03-14T22:11:20.021+0800] GC(39)   Evacuate Collection Set: 0.31ms
[2026-03-14T22:11:20.021+0800] GC(39)   Post Evacuate Collection Set: 0.27ms
[2026-03-14T22:11:20.021+0800] GC(39)   Other: 0.10ms
[2026-03-14T22:11:20.021+0800] GC(39) Eden regions: 306->0(306)
[2026-03-14T22:11:20.021+0800] GC(39) Survivor regions: 1->1(39)
[2026-03-14T22:11:20.021+0800] GC(39) Old regions: 10->10
[2026-03-14T22:11:20.021+0800] GC(39) Humongous regions: 100->100
[2026-03-14T22:11:20.021+0800] GC(39) Metaspace: 9679K(9856K)->9679K(9856K) NonClass: 8919K(9024K)->8919K(9024K) Class: 759K(832K)->759K(832K)
[2026-03-14T22:11:20.021+0800] GC(39) Pause Young (Normal) (G1 Evacuation Pause) 414M->108M(512M) 1.204ms
[2026-03-14T22:11:20.021+0800] GC(39) User=0.00s Sys=0.00s Real=0.00s
[2026-03-14T22:11:30.225+0800] GC(40) Pause Young (Normal) (G1 Evacuation Pause)
[2026-03-14T22:11:30.225+0800] GC(40) Using 9 workers of 9 for evacuation
[2026-03-14T22:11:30.226+0800] GC(40)   Pre Evacuate Collection Set: 0.12ms
[2026-03-14T22:11:30.226+0800] GC(40)   Merge Heap Roots: 0.08ms
[2026-03-14T22:11:30.226+0800] GC(40)   Evacuate Collection Set: 0.32ms
[2026-03-14T22:11:30.226+0800] GC(40)   Post Evacuate Collection Set: 0.29ms
[2026-03-14T22:11:30.226+0800] GC(40)   Other: 0.06ms
[2026-03-14T22:11:30.226+0800] GC(40) Eden regions: 306->0(306)
[2026-03-14T22:11:30.226+0800] GC(40) Survivor regions: 1->1(39)
[2026-03-14T22:11:30.226+0800] GC(40) Old regions: 10->10
[2026-03-14T22:11:30.226+0800] GC(40) Humongous regions: 100->100
[2026-03-14T22:11:30.226+0800] GC(40) Metaspace: 9679K(9856K)->9679K(9856K) NonClass: 8919K(9024K)->8919K(9024K) Class: 759K(832K)->759K(832K)
[2026-03-14T22:11:30.226+0800] GC(40) Pause Young (Normal) (G1 Evacuation Pause) 414M->108M(512M) 0.987ms
[2026-03-14T22:11:30.226+0800] GC(40) User=0.00s Sys=0.01s Real=0.00s
[2026-03-14T22:11:40.434+0800] GC(41) Pause Young (Normal) (G1 Evacuation Pause)
[2026-03-14T22:11:40.434+0800] GC(41) Using 9 workers of 9 for evacuation
[2026-03-14T22:11:40.435+0800] GC(41)   Pre Evacuate Collection Set: 0.11ms
[2026-03-14T22:11:40.435+0800] GC(41)   Merge Heap Roots: 0.13ms
[2026-03-14T22:11:40.435+0800] GC(41)   Evacuate Collection Set: 0.27ms
[2026-03-14T22:11:40.435+0800] GC(41)   Post Evacuate Collection Set: 0.25ms
[2026-03-14T22:11:40.435+0800] GC(41)   Other: 0.09ms
[2026-03-14T22:11:40.435+0800] GC(41) Eden regions: 306->0(306)
[2026-03-14T22:11:40.435+0800] GC(41) Survivor regions: 1->1(39)
[2026-03-14T22:11:40.435+0800] GC(41) Old regions: 10->10
[2026-03-14T22:11:40.435+0800] GC(41) Humongous regions: 100->100
[2026-03-14T22:11:40.435+0800] GC(41) Metaspace: 9679K(9856K)->9679K(9856K) NonClass: 8919K(9024K)->8919K(9024K) Class: 759K(832K)->759K(832K)
[2026-03-14T22:11:40.435+0800] GC(41) Pause Young (Normal) (G1 Evacuation Pause) 414M->108M(512M) 0.961ms
[2026-03-14T22:11:40.435+0800] GC(41) User=0.00s Sys=0.00s Real=0.00s
[2026-03-14T22:11:50.639+0800] GC(42) Pause Young (Normal) (G1 Evacuation Pause)
[2026-03-14T22:11:50.639+0800] GC(42) Using 9 workers of 9 for evacuation
[2026-03-14T22:11:50.640+0800] GC(42)   Pre Evacuate Collection Set: 0.15ms
[2026-03-14T22:11:50.640+0800] GC(42)   Merge Heap Roots: 0.16ms
[2026-03-14T22:11:50.640+0800] GC(42)   Evacuate Collection Set: 0.36ms
[2026-03-14T22:11:50.640+0800] GC(42)   Post Evacuate Collection Set: 0.32ms
[2026-03-14T22:11:50.640+0800] GC(42)   Other: 0.07ms
[2026-03-14T22:11:50.640+0800] GC(42) Eden regions: 306->0(306)
[2026-03-14T22:11:50.640+0800] GC(42) Survivor regions: 1->1(39)
[2026-03-14T22:11:50.640+0800] GC(42) Old regions: 10->10
[2026-03-14T22:11:50.640+0800] GC(42) Humongous regions: 100->100
[2026-03-14T22:11:50.640+0800] GC(42) Metaspace: 9679K(9856K)->9679K(9856K) NonClass: 8919K(9024K)->8919K(9024K) Class: 759K(832K)->759K(832K)
[2026-03-14T22:11:50.640+0800] GC(42) Pause Young (Normal) (G1 Evacuation Pause) 414M->108M(512M) 1.238ms
[2026-03-14T22:11:50.640+0800] GC(42) User=0.01s Sys=0.00s Real=0.01s
[2026-03-14T22:12:00.837+0800] GC(43) Pause Young (Normal) (G1 Evacuation Pause)
[2026-03-14T22:12:00.837+0800] GC(43) Using 9 workers of 9 for evacuation
[2026-03-14T22:12:00.838+0800] GC(43)   Pre Evacuate Collection Set: 0.12ms
[2026-03-14T22:12:00.838+0800] GC(43)   Merge Heap Roots: 0.16ms
[2026-03-14T22:12:00.838+0800] GC(43)   Evacuate Collection Set: 0.43ms
[2026-03-14T22:12:00.838+0800] GC(43)   Post Evacuate Collection Set: 0.29ms
[2026-03-14T22:12:00.838+0800] GC(43)   Other: 0.07ms
[2026-03-14T22:12:00.838+0800] GC(43) Eden regions: 306->0(306)
[2026-03-14T22:12:00.838+0800] GC(43) Survivor regions: 1->1(39)
[2026-03-14T22:12:00.838+0800] GC(43) Old regions: 10->10
[2026-03-14T22:12:00.838+0800] GC(43) Humongous regions: 100->100
[2026-03-14T22:12:00.838+0800] GC(43) Metaspace: 9679K(9856K)->9679K(9856K) NonClass: 8919K(9024K)->8919K(9024K) Class: 759K(832K)->759K(832K)
[2026-03-14T22:12:00.838+0800] GC(43) Pause Young (Normal) (G1 Evacuation Pause) 414M->108M(512M) 1.242ms
[2026-03-14T22:12:00.838+0800] GC(43) User=0.00s Sys=0.00s Real=0.00s
[2026-03-14T22:12:11.014+0800] GC(44) Pause Young (Normal) (G1 Evacuation Pause)
[2026-03-14T22:12:11.015+0800] GC(44) Using 9 workers of 9 for evacuation
[2026-03-14T22:12:11.015+0800] GC(44)   Pre Evacuate Collection Set: 0.13ms
[2026-03-14T22:12:11.015+0800] GC(44)   Merge Heap Roots: 0.11ms
[2026-03-14T22:12:11.015+0800] GC(44)   Evacuate Collection Set: 0.22ms
[2026-03-14T22:12:11.015+0800] GC(44)   Post Evacuate Collection Set: 0.18ms
[2026-03-14T22:12:11.015+0800] GC(44)   Other: 0.06ms
[2026-03-14T22:12:11.015+0800] GC(44) Eden regions: 306->0(306)
[2026-03-14T22:12:11.015+0800] GC(44) Survivor regions: 1->1(39)
[2026-03-14T22:12:11.015+0800] GC(44) Old regions: 10->10
[2026-03-14T22:12:11.015+0800] GC(44) Humongous regions: 100->100
[2026-03-14T22:12:11.015+0800] GC(44) Metaspace: 9679K(9856K)->9679K(9856K) NonClass: 8919K(9024K)->8919K(9024K) Class: 759K(832K)->759K(832K)
[2026-03-14T22:12:11.015+0800] GC(44) Pause Young (Normal) (G1 Evacuation Pause) 414M->108M(512M) 0.832ms
[2026-03-14T22:12:11.015+0800] GC(44) User=0.01s Sys=0.00s Real=0.00s
[2026-03-14T22:12:21.214+0800] GC(45) Pause Young (Normal) (G1 Evacuation Pause)
[2026-03-14T22:12:21.214+0800] GC(45) Using 9 workers of 9 for evacuation
[2026-03-14T22:12:21.214+0800] GC(45)   Pre Evacuate Collection Set: 0.11ms
[2026-03-14T22:12:21.214+0800] GC(45)   Merge Heap Roots: 0.10ms
[2026-03-14T22:12:21.214+0800] GC(45)   Evacuate Collection Set: 0.22ms
[2026-03-14T22:12:21.214+0800] GC(45)   Post Evacuate Collection Set: 0.23ms
[2026-03-14T22:12:21.214+0800] GC(45)   Other: 0.06ms
[2026-03-14T22:12:21.214+0800] GC(45) Eden regions: 306->0(306)
[2026-03-14T22:12:21.214+0800] GC(45) Survivor regions: 1->1(39)
[2026-03-14T22:12:21.214+0800] GC(45) Old regions: 10->10
[2026-03-14T22:12:21.214+0800] GC(45) Humongous regions: 100->100
[2026-03-14T22:12:21.215+0800] GC(45) Metaspace: 9679K(9856K)->9679K(9856K) NonClass: 8919K(9024K)->8919K(9024K) Class: 759K(832K)->759K(832K)
[2026-03-14T22:12:21.215+0800] GC(45) Pause Young (Normal) (G1 Evacuation Pause) 414M->108M(512M) 0.838ms
[2026-03-14T22:12:21.215+0800] GC(45) User=0.00s Sys=0.00s Real=0.00s
[2026-03-14T22:12:31.416+0800] GC(46) Pause Young (Normal) (G1 Evacuation Pause)
[2026-03-14T22:12:31.416+0800] GC(46) Using 9 workers of 9 for evacuation
[2026-03-14T22:12:31.417+0800] GC(46)   Pre Evacuate Collection Set: 0.11ms
[2026-03-14T22:12:31.417+0800] GC(46)   Merge Heap Roots: 0.08ms
[2026-03-14T22:12:31.417+0800] GC(46)   Evacuate Collection Set: 0.25ms
[2026-03-14T22:12:31.417+0800] GC(46)   Post Evacuate Collection Set: 0.28ms
[2026-03-14T22:12:31.417+0800] GC(46)   Other: 0.06ms
[2026-03-14T22:12:31.417+0800] GC(46) Eden regions: 306->0(306)
[2026-03-14T22:12:31.417+0800] GC(46) Survivor regions: 1->1(39)
[2026-03-14T22:12:31.417+0800] GC(46) Old regions: 10->10
[2026-03-14T22:12:31.417+0800] GC(46) Humongous regions: 100->100
[2026-03-14T22:12:31.417+0800] GC(46) Metaspace: 9679K(9856K)->9679K(9856K) NonClass: 8919K(9024K)->8919K(9024K) Class: 759K(832K)->759K(832K)
[2026-03-14T22:12:31.417+0800] GC(46) Pause Young (Normal) (G1 Evacuation Pause) 414M->108M(512M) 0.917ms
[2026-03-14T22:12:31.417+0800] GC(46) User=0.01s Sys=0.00s Real=0.00s
[2026-03-14T22:12:41.623+0800] GC(47) Pause Young (Normal) (G1 Evacuation Pause)
[2026-03-14T22:12:41.623+0800] GC(47) Using 9 workers of 9 for evacuation
[2026-03-14T22:12:41.624+0800] GC(47)   Pre Evacuate Collection Set: 0.15ms
[2026-03-14T22:12:41.624+0800] GC(47)   Merge Heap Roots: 0.06ms
[2026-03-14T22:12:41.624+0800] GC(47)   Evacuate Collection Set: 0.31ms
[2026-03-14T22:12:41.624+0800] GC(47)   Post Evacuate Collection Set: 0.34ms
[2026-03-14T22:12:41.624+0800] GC(47)   Other: 0.07ms
[2026-03-14T22:12:41.624+0800] GC(47) Eden regions: 306->0(306)
[2026-03-14T22:12:41.624+0800] GC(47) Survivor regions: 1->1(39)
[2026-03-14T22:12:41.624+0800] GC(47) Old regions: 10->10
[2026-03-14T22:12:41.624+0800] GC(47) Humongous regions: 100->100
[2026-03-14T22:12:41.624+0800] GC(47) Metaspace: 9679K(9856K)->9679K(9856K) NonClass: 8919K(9024K)->8919K(9024K) Class: 759K(832K)->759K(832K)
[2026-03-14T22:12:41.624+0800] GC(47) Pause Young (Normal) (G1 Evacuation Pause) 414M->108M(512M) 1.107ms
[2026-03-14T22:12:41.624+0800] GC(47) User=0.00s Sys=0.00s Real=0.00s
[2026-03-14T22:12:51.836+0800] GC(48) Pause Young (Normal) (G1 Evacuation Pause)
[2026-03-14T22:12:51.836+0800] GC(48) Using 9 workers of 9 for evacuation
[2026-03-14T22:12:51.837+0800] GC(48)   Pre Evacuate Collection Set: 0.12ms
[2026-03-14T22:12:51.837+0800] GC(48)   Merge Heap Roots: 0.13ms
[2026-03-14T22:12:51.837+0800] GC(48)   Evacuate Collection Set: 0.37ms
[2026-03-14T22:12:51.837+0800] GC(48)   Post Evacuate Collection Set: 0.23ms
[2026-03-14T22:12:51.837+0800] GC(48)   Other: 0.06ms
[2026-03-14T22:12:51.837+0800] GC(48) Eden regions: 306->0(306)
[2026-03-14T22:12:51.837+0800] GC(48) Survivor regions: 1->1(39)
[2026-03-14T22:12:51.837+0800] GC(48) Old regions: 10->10
[2026-03-14T22:12:51.837+0800] GC(48) Humongous regions: 100->100
[2026-03-14T22:12:51.837+0800] GC(48) Metaspace: 9679K(9856K)->9679K(9856K) NonClass: 8919K(9024K)->8919K(9024K) Class: 759K(832K)->759K(832K)
[2026-03-14T22:12:51.837+0800] GC(48) Pause Young (Normal) (G1 Evacuation Pause) 414M->108M(512M) 1.077ms
[2026-03-14T22:12:51.837+0800] GC(48) User=0.00s Sys=0.00s Real=0.00s
[2026-03-14T22:13:02.014+0800] GC(49) Pause Young (Normal) (G1 Evacuation Pause)
[2026-03-14T22:13:02.014+0800] GC(49) Using 9 workers of 9 for evacuation
[2026-03-14T22:13:02.015+0800] GC(49)   Pre Evacuate Collection Set: 0.15ms
[2026-03-14T22:13:02.015+0800] GC(49)   Merge Heap Roots: 0.08ms
[2026-03-14T22:13:02.015+0800] GC(49)   Evacuate Collection Set: 0.35ms
[2026-03-14T22:13:02.016+0800] GC(49)   Post Evacuate Collection Set: 0.32ms
[2026-03-14T22:13:02.016+0800] GC(49)   Other: 0.09ms
[2026-03-14T22:13:02.016+0800] GC(49) Eden regions: 306->0(306)
[2026-03-14T22:13:02.016+0800] GC(49) Survivor regions: 1->1(39)
[2026-03-14T22:13:02.016+0800] GC(49) Old regions: 10->10
[2026-03-14T22:13:02.016+0800] GC(49) Humongous regions: 100->100
[2026-03-14T22:13:02.016+0800] GC(49) Metaspace: 9679K(9856K)->9679K(9856K) NonClass: 8919K(9024K)->8919K(9024K) Class: 759K(832K)->759K(832K)
[2026-03-14T22:13:02.016+0800] GC(49) Pause Young (Normal) (G1 Evacuation Pause) 414M->108M(512M) 1.273ms
[2026-03-14T22:13:02.016+0800] GC(49) User=0.01s Sys=0.00s Real=0.00s
[2026-03-14T22:13:12.197+0800] GC(50) Pause Young (Normal) (G1 Evacuation Pause)
[2026-03-14T22:13:12.197+0800] GC(50) Using 9 workers of 9 for evacuation
[2026-03-14T22:13:12.198+0800] GC(50)   Pre Evacuate Collection Set: 0.12ms
[2026-03-14T22:13:12.198+0800] GC(50)   Merge Heap Roots: 0.10ms
[2026-03-14T22:13:12.198+0800] GC(50)   Evacuate Collection Set: 0.32ms
[2026-03-14T22:13:12.198+0800] GC(50)   Post Evacuate Collection Set: 0.26ms
[2026-03-14T22:13:12.198+0800] GC(50)   Other: 0.06ms
[2026-03-14T22:13:12.198+0800] GC(50) Eden regions: 306->0(306)
[2026-03-14T22:13:12.198+0800] GC(50) Survivor regions: 1->1(39)
[2026-03-14T22:13:12.198+0800] GC(50) Old regions: 10->10
[2026-03-14T22:13:12.198+0800] GC(50) Humongous regions: 100->100
[2026-03-14T22:13:12.198+0800] GC(50) Metaspace: 9679K(9856K)->9679K(9856K) NonClass: 8919K(9024K)->8919K(9024K) Class: 759K(832K)->759K(832K)
[2026-03-14T22:13:12.198+0800] GC(50) Pause Young (Normal) (G1 Evacuation Pause) 414M->108M(512M) 1.013ms
[2026-03-14T22:13:12.198+0800] GC(50) User=0.00s Sys=0.00s Real=0.00s
[2026-03-14T22:13:22.388+0800] GC(51) Pause Young (Normal) (G1 Evacuation Pause)
[2026-03-14T22:13:22.388+0800] GC(51) Using 9 workers of 9 for evacuation
[2026-03-14T22:13:22.389+0800] GC(51)   Pre Evacuate Collection Set: 0.11ms
[2026-03-14T22:13:22.389+0800] GC(51)   Merge Heap Roots: 0.16ms
[2026-03-14T22:13:22.390+0800] GC(51)   Evacuate Collection Set: 0.36ms
[2026-03-14T22:13:22.390+0800] GC(51)   Post Evacuate Collection Set: 0.32ms
[2026-03-14T22:13:22.390+0800] GC(51)   Other: 0.08ms
[2026-03-14T22:13:22.390+0800] GC(51) Eden regions: 306->0(306)
[2026-03-14T22:13:22.390+0800] GC(51) Survivor regions: 1->1(39)
[2026-03-14T22:13:22.390+0800] GC(51) Old regions: 10->10
[2026-03-14T22:13:22.390+0800] GC(51) Humongous regions: 100->100
[2026-03-14T22:13:22.390+0800] GC(51) Metaspace: 9679K(9856K)->9679K(9856K) NonClass: 8919K(9024K)->8919K(9024K) Class: 759K(832K)->759K(832K)
[2026-03-14T22:13:22.390+0800] GC(51) Pause Young (Normal) (G1 Evacuation Pause) 414M->108M(512M) 1.251ms
[2026-03-14T22:13:22.390+0800] GC(51) User=0.01s Sys=0.00s Real=0.01s
[2026-03-14T22:13:32.582+0800] GC(52) Pause Young (Normal) (G1 Evacuation Pause)
[2026-03-14T22:13:32.582+0800] GC(52) Using 9 workers of 9 for evacuation
[2026-03-14T22:13:32.583+0800] GC(52)   Pre Evacuate Collection Set: 0.18ms
[2026-03-14T22:13:32.583+0800] GC(52)   Merge Heap Roots: 0.15ms
[2026-03-14T22:13:32.583+0800] GC(52)   Evacuate Collection Set: 0.31ms
[2026-03-14T22:13:32.583+0800] GC(52)   Post Evacuate Collection Set: 0.33ms
[2026-03-14T22:13:32.583+0800] GC(52)   Other: 0.08ms
[2026-03-14T22:13:32.583+0800] GC(52) Eden regions: 306->0(306)
[2026-03-14T22:13:32.583+0800] GC(52) Survivor regions: 1->1(39)
[2026-03-14T22:13:32.583+0800] GC(52) Old regions: 10->10
[2026-03-14T22:13:32.583+0800] GC(52) Humongous regions: 100->100
[2026-03-14T22:13:32.583+0800] GC(52) Metaspace: 9679K(9856K)->9679K(9856K) NonClass: 8919K(9024K)->8919K(9024K) Class: 759K(832K)->759K(832K)
[2026-03-14T22:13:32.583+0800] GC(52) Pause Young (Normal) (G1 Evacuation Pause) 414M->108M(512M) 1.265ms
[2026-03-14T22:13:32.583+0800] GC(52) User=0.00s Sys=0.01s Real=0.00s
[2026-03-14T22:13:42.782+0800] GC(53) Pause Young (Normal) (G1 Evacuation Pause)
[2026-03-14T22:13:42.782+0800] GC(53) Using 9 workers of 9 for evacuation
[2026-03-14T22:13:42.783+0800] GC(53)   Pre Evacuate Collection Set: 0.11ms
[2026-03-14T22:13:42.783+0800] GC(53)   Merge Heap Roots: 0.11ms
[2026-03-14T22:13:42.783+0800] GC(53)   Evacuate Collection Set: 0.31ms
[2026-03-14T22:13:42.783+0800] GC(53)   Post Evacuate Collection Set: 0.27ms
[2026-03-14T22:13:42.783+0800] GC(53)   Other: 0.07ms
[2026-03-14T22:13:42.783+0800] GC(53) Eden regions: 306->0(306)
[2026-03-14T22:13:42.783+0800] GC(53) Survivor regions: 1->1(39)
[2026-03-14T22:13:42.783+0800] GC(53) Old regions: 10->10
[2026-03-14T22:13:42.783+0800] GC(53) Humongous regions: 100->100
[2026-03-14T22:13:42.783+0800] GC(53) Metaspace: 9679K(9856K)->9679K(9856K) NonClass: 8919K(9024K)->8919K(9024K) Class: 759K(832K)->759K(832K)
[2026-03-14T22:13:42.783+0800] GC(53) Pause Young (Normal) (G1 Evacuation Pause) 414M->108M(512M) 1.060ms
[2026-03-14T22:13:42.783+0800] GC(53) User=0.00s Sys=0.00s Real=0.00s
[2026-03-14T22:13:52.969+0800] GC(54) Pause Young (Normal) (G1 Evacuation Pause)
[2026-03-14T22:13:52.969+0800] GC(54) Using 9 workers of 9 for evacuation
[2026-03-14T22:13:52.971+0800] GC(54)   Pre Evacuate Collection Set: 0.31ms
[2026-03-14T22:13:52.971+0800] GC(54)   Merge Heap Roots: 0.13ms
[2026-03-14T22:13:52.971+0800] GC(54)   Evacuate Collection Set: 0.86ms
[2026-03-14T22:13:52.971+0800] GC(54)   Post Evacuate Collection Set: 0.44ms
[2026-03-14T22:13:52.971+0800] GC(54)   Other: 0.13ms
[2026-03-14T22:13:52.971+0800] GC(54) Eden regions: 306->0(306)
[2026-03-14T22:13:52.971+0800] GC(54) Survivor regions: 1->1(39)
[2026-03-14T22:13:52.971+0800] GC(54) Old regions: 10->10
[2026-03-14T22:13:52.971+0800] GC(54) Humongous regions: 100->100
[2026-03-14T22:13:52.971+0800] GC(54) Metaspace: 9679K(9856K)->9679K(9856K) NonClass: 8919K(9024K)->8919K(9024K) Class: 759K(832K)->759K(832K)
[2026-03-14T22:13:52.971+0800] GC(54) Pause Young (Normal) (G1 Evacuation Pause) 414M->108M(512M) 2.177ms
[2026-03-14T22:13:52.971+0800] GC(54) User=0.00s Sys=0.00s Real=0.01s
[2026-03-14T22:14:03.166+0800] GC(55) Pause Young (Normal) (G1 Evacuation Pause)
[2026-03-14T22:14:03.166+0800] GC(55) Using 9 workers of 9 for evacuation
[2026-03-14T22:14:03.167+0800] GC(55)   Pre Evacuate Collection Set: 0.14ms
[2026-03-14T22:14:03.167+0800] GC(55)   Merge Heap Roots: 0.15ms
[2026-03-14T22:14:03.167+0800] GC(55)   Evacuate Collection Set: 0.38ms
[2026-03-14T22:14:03.167+0800] GC(55)   Post Evacuate Collection Set: 0.31ms
[2026-03-14T22:14:03.167+0800] GC(55)   Other: 0.08ms
[2026-03-14T22:14:03.167+0800] GC(55) Eden regions: 306->0(306)
[2026-03-14T22:14:03.167+0800] GC(55) Survivor regions: 1->1(39)
[2026-03-14T22:14:03.167+0800] GC(55) Old regions: 10->10
[2026-03-14T22:14:03.167+0800] GC(55) Humongous regions: 100->100
[2026-03-14T22:14:03.168+0800] GC(55) Metaspace: 9679K(9856K)->9679K(9856K) NonClass: 8919K(9024K)->8919K(9024K) Class: 759K(832K)->759K(832K)
[2026-03-14T22:14:03.168+0800] GC(55) Pause Young (Normal) (G1 Evacuation Pause) 414M->108M(512M) 1.270ms
[2026-03-14T22:14:03.168+0800] GC(55) User=0.00s Sys=0.00s Real=0.00s
[2026-03-14T22:14:13.352+0800] GC(56) Pause Young (Normal) (G1 Evacuation Pause)
[2026-03-14T22:14:13.352+0800] GC(56) Using 9 workers of 9 for evacuation
[2026-03-14T22:14:13.354+0800] GC(56)   Pre Evacuate Collection Set: 0.18ms
[2026-03-14T22:14:13.355+0800] GC(56)   Merge Heap Roots: 0.50ms
[2026-03-14T22:14:13.355+0800] GC(56)   Evacuate Collection Set: 0.98ms
[2026-03-14T22:14:13.355+0800] GC(56)   Post Evacuate Collection Set: 0.43ms
[2026-03-14T22:14:13.355+0800] GC(56)   Other: 0.12ms
[2026-03-14T22:14:13.355+0800] GC(56) Eden regions: 306->0(306)
[2026-03-14T22:14:13.355+0800] GC(56) Survivor regions: 1->1(39)
[2026-03-14T22:14:13.355+0800] GC(56) Old regions: 10->10
[2026-03-14T22:14:13.355+0800] GC(56) Humongous regions: 100->100
[2026-03-14T22:14:13.355+0800] GC(56) Metaspace: 9679K(9856K)->9679K(9856K) NonClass: 8919K(9024K)->8919K(9024K) Class: 759K(832K)->759K(832K)
[2026-03-14T22:14:13.355+0800] GC(56) Pause Young (Normal) (G1 Evacuation Pause) 414M->108M(512M) 2.529ms
[2026-03-14T22:14:13.355+0800] GC(56) User=0.00s Sys=0.00s Real=0.00s
[2026-03-14T22:14:23.549+0800] GC(57) Pause Young (Normal) (G1 Evacuation Pause)
[2026-03-14T22:14:23.549+0800] GC(57) Using 9 workers of 9 for evacuation
[2026-03-14T22:14:23.550+0800] GC(57)   Pre Evacuate Collection Set: 0.14ms
[2026-03-14T22:14:23.550+0800] GC(57)   Merge Heap Roots: 0.12ms
[2026-03-14T22:14:23.550+0800] GC(57)   Evacuate Collection Set: 0.29ms
[2026-03-14T22:14:23.550+0800] GC(57)   Post Evacuate Collection Set: 0.27ms
[2026-03-14T22:14:23.550+0800] GC(57)   Other: 0.08ms
[2026-03-14T22:14:23.550+0800] GC(57) Eden regions: 306->0(306)
[2026-03-14T22:14:23.550+0800] GC(57) Survivor regions: 1->1(39)
[2026-03-14T22:14:23.550+0800] GC(57) Old regions: 10->10
[2026-03-14T22:14:23.550+0800] GC(57) Humongous regions: 100->100
[2026-03-14T22:14:23.550+0800] GC(57) Metaspace: 9679K(9856K)->9679K(9856K) NonClass: 8919K(9024K)->8919K(9024K) Class: 759K(832K)->759K(832K)
[2026-03-14T22:14:23.550+0800] GC(57) Pause Young (Normal) (G1 Evacuation Pause) 414M->108M(512M) 1.058ms
[2026-03-14T22:14:23.550+0800] GC(57) User=0.01s Sys=0.00s Real=0.01s
[2026-03-14T22:14:33.761+0800] GC(58) Pause Young (Normal) (G1 Evacuation Pause)
[2026-03-14T22:14:33.761+0800] GC(58) Using 9 workers of 9 for evacuation
[2026-03-14T22:14:33.762+0800] GC(58)   Pre Evacuate Collection Set: 0.10ms
[2026-03-14T22:14:33.762+0800] GC(58)   Merge Heap Roots: 0.10ms
[2026-03-14T22:14:33.762+0800] GC(58)   Evacuate Collection Set: 0.26ms
[2026-03-14T22:14:33.762+0800] GC(58)   Post Evacuate Collection Set: 0.27ms
[2026-03-14T22:14:33.762+0800] GC(58)   Other: 0.08ms
[2026-03-14T22:14:33.762+0800] GC(58) Eden regions: 306->0(306)
[2026-03-14T22:14:33.762+0800] GC(58) Survivor regions: 1->1(39)
[2026-03-14T22:14:33.762+0800] GC(58) Old regions: 10->10
[2026-03-14T22:14:33.762+0800] GC(58) Humongous regions: 100->100
[2026-03-14T22:14:33.762+0800] GC(58) Metaspace: 9679K(9856K)->9679K(9856K) NonClass: 8919K(9024K)->8919K(9024K) Class: 759K(832K)->759K(832K)
[2026-03-14T22:14:33.762+0800] GC(58) Pause Young (Normal) (G1 Evacuation Pause) 414M->108M(512M) 1.003ms
[2026-03-14T22:14:33.762+0800] GC(58) User=0.00s Sys=0.00s Real=0.00s
[2026-03-14T22:14:43.968+0800] GC(59) Pause Young (Normal) (G1 Evacuation Pause)
[2026-03-14T22:14:43.968+0800] GC(59) Using 9 workers of 9 for evacuation
[2026-03-14T22:14:43.969+0800] GC(59)   Pre Evacuate Collection Set: 0.12ms
[2026-03-14T22:14:43.969+0800] GC(59)   Merge Heap Roots: 0.17ms
[2026-03-14T22:14:43.969+0800] GC(59)   Evacuate Collection Set: 0.32ms
[2026-03-14T22:14:43.969+0800] GC(59)   Post Evacuate Collection Set: 0.26ms
[2026-03-14T22:14:43.969+0800] GC(59)   Other: 0.10ms
[2026-03-14T22:14:43.969+0800] GC(59) Eden regions: 306->0(306)
[2026-03-14T22:14:43.969+0800] GC(59) Survivor regions: 1->1(39)
[2026-03-14T22:14:43.969+0800] GC(59) Old regions: 10->10
[2026-03-14T22:14:43.969+0800] GC(59) Humongous regions: 100->100
[2026-03-14T22:14:43.969+0800] GC(59) Metaspace: 9679K(9856K)->9679K(9856K) NonClass: 8919K(9024K)->8919K(9024K) Class: 759K(832K)->759K(832K)
[2026-03-14T22:14:43.969+0800] GC(59) Pause Young (Normal) (G1 Evacuation Pause) 414M->108M(512M) 1.224ms
[2026-03-14T22:14:43.969+0800] GC(59) User=0.00s Sys=0.01s Real=0.00s
[2026-03-14T22:14:54.176+0800] GC(60) Pause Young (Normal) (G1 Evacuation Pause)
[2026-03-14T22:14:54.176+0800] GC(60) Using 9 workers of 9 for evacuation
[2026-03-14T22:14:54.177+0800] GC(60)   Pre Evacuate Collection Set: 0.17ms
[2026-03-14T22:14:54.177+0800] GC(60)   Merge Heap Roots: 0.14ms
[2026-03-14T22:14:54.177+0800] GC(60)   Evacuate Collection Set: 0.31ms
[2026-03-14T22:14:54.177+0800] GC(60)   Post Evacuate Collection Set: 0.27ms
[2026-03-14T22:14:54.177+0800] GC(60)   Other: 0.07ms
[2026-03-14T22:14:54.177+0800] GC(60) Eden regions: 306->0(306)
[2026-03-14T22:14:54.177+0800] GC(60) Survivor regions: 1->1(39)
[2026-03-14T22:14:54.177+0800] GC(60) Old regions: 10->10
[2026-03-14T22:14:54.177+0800] GC(60) Humongous regions: 100->100
[2026-03-14T22:14:54.177+0800] GC(60) Metaspace: 9679K(9856K)->9679K(9856K) NonClass: 8919K(9024K)->8919K(9024K) Class: 759K(832K)->759K(832K)
[2026-03-14T22:14:54.177+0800] GC(60) Pause Young (Normal) (G1 Evacuation Pause) 414M->108M(512M) 1.137ms
[2026-03-14T22:14:54.177+0800] GC(60) User=0.00s Sys=0.00s Real=0.00s
[2026-03-14T22:15:04.348+0800] GC(61) Pause Young (Normal) (G1 Evacuation Pause)
[2026-03-14T22:15:04.348+0800] GC(61) Using 9 workers of 9 for evacuation
[2026-03-14T22:15:04.349+0800] GC(61)   Pre Evacuate Collection Set: 0.09ms
[2026-03-14T22:15:04.349+0800] GC(61)   Merge Heap Roots: 0.06ms
[2026-03-14T22:15:04.349+0800] GC(61)   Evacuate Collection Set: 0.32ms
[2026-03-14T22:15:04.349+0800] GC(61)   Post Evacuate Collection Set: 0.29ms
[2026-03-14T22:15:04.349+0800] GC(61)   Other: 0.08ms
[2026-03-14T22:15:04.349+0800] GC(61) Eden regions: 306->0(306)
[2026-03-14T22:15:04.349+0800] GC(61) Survivor regions: 1->1(39)
[2026-03-14T22:15:04.349+0800] GC(61) Old regions: 10->10
[2026-03-14T22:15:04.349+0800] GC(61) Humongous regions: 100->100
[2026-03-14T22:15:04.349+0800] GC(61) Metaspace: 9679K(9856K)->9679K(9856K) NonClass: 8919K(9024K)->8919K(9024K) Class: 759K(832K)->759K(832K)
[2026-03-14T22:15:04.349+0800] GC(61) Pause Young (Normal) (G1 Evacuation Pause) 414M->108M(512M) 1.092ms
[2026-03-14T22:15:04.349+0800] GC(61) User=0.00s Sys=0.00s Real=0.00s
[2026-03-14T22:15:14.539+0800] GC(62) Pause Young (Normal) (G1 Evacuation Pause)
[2026-03-14T22:15:14.539+0800] GC(62) Using 9 workers of 9 for evacuation
[2026-03-14T22:15:14.540+0800] GC(62)   Pre Evacuate Collection Set: 0.16ms
[2026-03-14T22:15:14.540+0800] GC(62)   Merge Heap Roots: 0.16ms
[2026-03-14T22:15:14.540+0800] GC(62)   Evacuate Collection Set: 0.31ms
[2026-03-14T22:15:14.540+0800] GC(62)   Post Evacuate Collection Set: 0.31ms
[2026-03-14T22:15:14.540+0800] GC(62)   Other: 0.09ms
[2026-03-14T22:15:14.540+0800] GC(62) Eden regions: 306->0(306)
[2026-03-14T22:15:14.540+0800] GC(62) Survivor regions: 1->1(39)
[2026-03-14T22:15:14.540+0800] GC(62) Old regions: 10->10
[2026-03-14T22:15:14.540+0800] GC(62) Humongous regions: 100->100
[2026-03-14T22:15:14.540+0800] GC(62) Metaspace: 9679K(9856K)->9679K(9856K) NonClass: 8919K(9024K)->8919K(9024K) Class: 759K(832K)->759K(832K)
[2026-03-14T22:15:14.540+0800] GC(62) Pause Young (Normal) (G1 Evacuation Pause) 414M->108M(512M) 1.201ms
[2026-03-14T22:15:14.540+0800] GC(62) User=0.00s Sys=0.00s Real=0.01s
[2026-03-14T22:15:24.745+0800] GC(63) Pause Young (Normal) (G1 Evacuation Pause)
[2026-03-14T22:15:24.745+0800] GC(63) Using 9 workers of 9 for evacuation
[2026-03-14T22:15:24.746+0800] GC(63)   Pre Evacuate Collection Set: 0.18ms
[2026-03-14T22:15:24.746+0800] GC(63)   Merge Heap Roots: 0.18ms
[2026-03-14T22:15:24.746+0800] GC(63)   Evacuate Collection Set: 0.52ms
[2026-03-14T22:15:24.746+0800] GC(63)   Post Evacuate Collection Set: 0.27ms
[2026-03-14T22:15:24.746+0800] GC(63)   Other: 0.09ms
[2026-03-14T22:15:24.746+0800] GC(63) Eden regions: 306->0(306)
[2026-03-14T22:15:24.746+0800] GC(63) Survivor regions: 1->1(39)
[2026-03-14T22:15:24.746+0800] GC(63) Old regions: 10->10
[2026-03-14T22:15:24.746+0800] GC(63) Humongous regions: 100->100
[2026-03-14T22:15:24.746+0800] GC(63) Metaspace: 9679K(9856K)->9679K(9856K) NonClass: 8919K(9024K)->8919K(9024K) Class: 759K(832K)->759K(832K)
[2026-03-14T22:15:24.746+0800] GC(63) Pause Young (Normal) (G1 Evacuation Pause) 414M->108M(512M) 1.497ms
[2026-03-14T22:15:24.747+0800] GC(63) User=0.00s Sys=0.00s Real=0.00s
[2026-03-14T22:15:34.952+0800] GC(64) Pause Young (Normal) (G1 Evacuation Pause)
[2026-03-14T22:15:34.952+0800] GC(64) Using 9 workers of 9 for evacuation
[2026-03-14T22:15:34.953+0800] GC(64)   Pre Evacuate Collection Set: 0.12ms
[2026-03-14T22:15:34.953+0800] GC(64)   Merge Heap Roots: 0.11ms
[2026-03-14T22:15:34.953+0800] GC(64)   Evacuate Collection Set: 0.30ms
[2026-03-14T22:15:34.953+0800] GC(64)   Post Evacuate Collection Set: 0.25ms
[2026-03-14T22:15:34.953+0800] GC(64)   Other: 0.08ms
[2026-03-14T22:15:34.953+0800] GC(64) Eden regions: 306->0(306)
[2026-03-14T22:15:34.953+0800] GC(64) Survivor regions: 1->1(39)
[2026-03-14T22:15:34.953+0800] GC(64) Old regions: 10->10
[2026-03-14T22:15:34.953+0800] GC(64) Humongous regions: 100->100
[2026-03-14T22:15:34.953+0800] GC(64) Metaspace: 9679K(9856K)->9679K(9856K) NonClass: 8919K(9024K)->8919K(9024K) Class: 759K(832K)->759K(832K)
[2026-03-14T22:15:34.953+0800] GC(64) Pause Young (Normal) (G1 Evacuation Pause) 414M->108M(512M) 1.021ms
[2026-03-14T22:15:34.953+0800] GC(64) User=0.00s Sys=0.00s Real=0.00s
[2026-03-14T22:15:45.154+0800] GC(65) Pause Young (Normal) (G1 Evacuation Pause)
[2026-03-14T22:15:45.154+0800] GC(65) Using 9 workers of 9 for evacuation
[2026-03-14T22:15:45.155+0800] GC(65)   Pre Evacuate Collection Set: 0.10ms
[2026-03-14T22:15:45.155+0800] GC(65)   Merge Heap Roots: 0.08ms
[2026-03-14T22:15:45.155+0800] GC(65)   Evacuate Collection Set: 0.23ms
[2026-03-14T22:15:45.155+0800] GC(65)   Post Evacuate Collection Set: 0.21ms
[2026-03-14T22:15:45.155+0800] GC(65)   Other: 0.05ms
[2026-03-14T22:15:45.155+0800] GC(65) Eden regions: 306->0(306)
[2026-03-14T22:15:45.155+0800] GC(65) Survivor regions: 1->1(39)
[2026-03-14T22:15:45.155+0800] GC(65) Old regions: 10->10
[2026-03-14T22:15:45.155+0800] GC(65) Humongous regions: 100->100
[2026-03-14T22:15:45.155+0800] GC(65) Metaspace: 9679K(9856K)->9679K(9856K) NonClass: 8919K(9024K)->8919K(9024K) Class: 759K(832K)->759K(832K)
[2026-03-14T22:15:45.155+0800] GC(65) Pause Young (Normal) (G1 Evacuation Pause) 414M->108M(512M) 0.797ms
[2026-03-14T22:15:45.155+0800] GC(65) User=0.01s Sys=0.00s Real=0.00s
[2026-03-14T22:15:55.366+0800] GC(66) Pause Young (Normal) (G1 Evacuation Pause)
[2026-03-14T22:15:55.366+0800] GC(66) Using 9 workers of 9 for evacuation
[2026-03-14T22:15:55.367+0800] GC(66)   Pre Evacuate Collection Set: 0.12ms
[2026-03-14T22:15:55.367+0800] GC(66)   Merge Heap Roots: 0.08ms
[2026-03-14T22:15:55.367+0800] GC(66)   Evacuate Collection Set: 0.26ms
[2026-03-14T22:15:55.367+0800] GC(66)   Post Evacuate Collection Set: 0.21ms
[2026-03-14T22:15:55.367+0800] GC(66)   Other: 0.06ms
[2026-03-14T22:15:55.367+0800] GC(66) Eden regions: 306->0(306)
[2026-03-14T22:15:55.367+0800] GC(66) Survivor regions: 1->1(39)
[2026-03-14T22:15:55.367+0800] GC(66) Old regions: 10->10
[2026-03-14T22:15:55.367+0800] GC(66) Humongous regions: 100->100
[2026-03-14T22:15:55.367+0800] GC(66) Metaspace: 9679K(9856K)->9679K(9856K) NonClass: 8919K(9024K)->8919K(9024K) Class: 759K(832K)->759K(832K)
[2026-03-14T22:15:55.367+0800] GC(66) Pause Young (Normal) (G1 Evacuation Pause) 414M->108M(512M) 0.862ms
[2026-03-14T22:15:55.367+0800] GC(66) User=0.00s Sys=0.00s Real=0.00s
[2026-03-14T22:16:05.557+0800] GC(67) Pause Young (Normal) (G1 Evacuation Pause)
[2026-03-14T22:16:05.558+0800] GC(67) Using 9 workers of 9 for evacuation
[2026-03-14T22:16:05.561+0800] GC(67)   Pre Evacuate Collection Set: 0.27ms
[2026-03-14T22:16:05.562+0800] GC(67)   Merge Heap Roots: 0.26ms
[2026-03-14T22:16:05.562+0800] GC(67)   Evacuate Collection Set: 2.96ms
[2026-03-14T22:16:05.562+0800] GC(67)   Post Evacuate Collection Set: 0.29ms
[2026-03-14T22:16:05.562+0800] GC(67)   Other: 0.11ms
[2026-03-14T22:16:05.562+0800] GC(67) Eden regions: 306->0(306)
[2026-03-14T22:16:05.562+0800] GC(67) Survivor regions: 1->1(39)
[2026-03-14T22:16:05.562+0800] GC(67) Old regions: 10->10
[2026-03-14T22:16:05.562+0800] GC(67) Humongous regions: 100->100
[2026-03-14T22:16:05.562+0800] GC(67) Metaspace: 9679K(9856K)->9679K(9856K) NonClass: 8919K(9024K)->8919K(9024K) Class: 759K(832K)->759K(832K)
[2026-03-14T22:16:05.562+0800] GC(67) Pause Young (Normal) (G1 Evacuation Pause) 414M->108M(512M) 4.161ms
[2026-03-14T22:16:05.562+0800] GC(67) User=0.00s Sys=0.00s Real=0.01s
[2026-03-14T22:16:15.745+0800] GC(68) Pause Young (Normal) (G1 Evacuation Pause)
[2026-03-14T22:16:15.745+0800] GC(68) Using 9 workers of 9 for evacuation
[2026-03-14T22:16:15.747+0800] GC(68)   Pre Evacuate Collection Set: 0.17ms
[2026-03-14T22:16:15.747+0800] GC(68)   Merge Heap Roots: 0.14ms
[2026-03-14T22:16:15.747+0800] GC(68)   Evacuate Collection Set: 0.31ms
[2026-03-14T22:16:15.747+0800] GC(68)   Post Evacuate Collection Set: 0.31ms
[2026-03-14T22:16:15.747+0800] GC(68)   Other: 0.08ms
[2026-03-14T22:16:15.747+0800] GC(68) Eden regions: 306->0(306)
[2026-03-14T22:16:15.747+0800] GC(68) Survivor regions: 1->1(39)
[2026-03-14T22:16:15.747+0800] GC(68) Old regions: 10->10
[2026-03-14T22:16:15.747+0800] GC(68) Humongous regions: 100->100
[2026-03-14T22:16:15.747+0800] GC(68) Metaspace: 9679K(9856K)->9679K(9856K) NonClass: 8919K(9024K)->8919K(9024K) Class: 759K(832K)->759K(832K)
[2026-03-14T22:16:15.747+0800] GC(68) Pause Young (Normal) (G1 Evacuation Pause) 414M->108M(512M) 1.208ms
[2026-03-14T22:16:15.747+0800] GC(68) User=0.00s Sys=0.00s Real=0.00s
[2026-03-14T22:16:25.942+0800] GC(69) Pause Young (Normal) (G1 Evacuation Pause)
[2026-03-14T22:16:25.943+0800] GC(69) Using 9 workers of 9 for evacuation
[2026-03-14T22:16:25.943+0800] GC(69)   Pre Evacuate Collection Set: 0.13ms
[2026-03-14T22:16:25.943+0800] GC(69)   Merge Heap Roots: 0.10ms
[2026-03-14T22:16:25.943+0800] GC(69)   Evacuate Collection Set: 0.27ms
[2026-03-14T22:16:25.943+0800] GC(69)   Post Evacuate Collection Set: 0.28ms
[2026-03-14T22:16:25.943+0800] GC(69)   Other: 0.06ms
[2026-03-14T22:16:25.943+0800] GC(69) Eden regions: 306->0(306)
[2026-03-14T22:16:25.943+0800] GC(69) Survivor regions: 1->1(39)
[2026-03-14T22:16:25.943+0800] GC(69) Old regions: 10->10
[2026-03-14T22:16:25.943+0800] GC(69) Humongous regions: 100->100
[2026-03-14T22:16:25.943+0800] GC(69) Metaspace: 9679K(9856K)->9679K(9856K) NonClass: 8919K(9024K)->8919K(9024K) Class: 759K(832K)->759K(832K)
[2026-03-14T22:16:25.943+0800] GC(69) Pause Young (Normal) (G1 Evacuation Pause) 414M->108M(512M) 0.985ms
[2026-03-14T22:16:25.943+0800] GC(69) User=0.01s Sys=0.00s Real=0.00s
[2026-03-14T22:16:36.139+0800] GC(70) Pause Young (Normal) (G1 Evacuation Pause)
[2026-03-14T22:16:36.139+0800] GC(70) Using 9 workers of 9 for evacuation
[2026-03-14T22:16:36.140+0800] GC(70)   Pre Evacuate Collection Set: 0.20ms
[2026-03-14T22:16:36.140+0800] GC(70)   Merge Heap Roots: 0.12ms
[2026-03-14T22:16:36.140+0800] GC(70)   Evacuate Collection Set: 0.38ms
[2026-03-14T22:16:36.140+0800] GC(70)   Post Evacuate Collection Set: 0.23ms
[2026-03-14T22:16:36.140+0800] GC(70)   Other: 0.09ms
[2026-03-14T22:16:36.140+0800] GC(70) Eden regions: 306->0(306)
[2026-03-14T22:16:36.140+0800] GC(70) Survivor regions: 1->1(39)
[2026-03-14T22:16:36.140+0800] GC(70) Old regions: 10->10
[2026-03-14T22:16:36.140+0800] GC(70) Humongous regions: 100->100
[2026-03-14T22:16:36.140+0800] GC(70) Metaspace: 9679K(9856K)->9679K(9856K) NonClass: 8919K(9024K)->8919K(9024K) Class: 759K(832K)->759K(832K)
[2026-03-14T22:16:36.140+0800] GC(70) Pause Young (Normal) (G1 Evacuation Pause) 414M->108M(512M) 1.181ms
[2026-03-14T22:16:36.140+0800] GC(70) User=0.00s Sys=0.01s Real=0.01s
[2026-03-14T22:16:46.334+0800] GC(71) Pause Young (Normal) (G1 Evacuation Pause)
[2026-03-14T22:16:46.334+0800] GC(71) Using 9 workers of 9 for evacuation
[2026-03-14T22:16:46.335+0800] GC(71)   Pre Evacuate Collection Set: 0.19ms
[2026-03-14T22:16:46.335+0800] GC(71)   Merge Heap Roots: 0.12ms
[2026-03-14T22:16:46.335+0800] GC(71)   Evacuate Collection Set: 0.29ms
[2026-03-14T22:16:46.335+0800] GC(71)   Post Evacuate Collection Set: 0.28ms
[2026-03-14T22:16:46.335+0800] GC(71)   Other: 0.08ms
[2026-03-14T22:16:46.335+0800] GC(71) Eden regions: 306->0(306)
[2026-03-14T22:16:46.335+0800] GC(71) Survivor regions: 1->1(39)
[2026-03-14T22:16:46.335+0800] GC(71) Old regions: 10->10
[2026-03-14T22:16:46.335+0800] GC(71) Humongous regions: 100->100
[2026-03-14T22:16:46.335+0800] GC(71) Metaspace: 9679K(9856K)->9679K(9856K) NonClass: 8919K(9024K)->8919K(9024K) Class: 759K(832K)->759K(832K)
[2026-03-14T22:16:46.335+0800] GC(71) Pause Young (Normal) (G1 Evacuation Pause) 414M->108M(512M) 1.147ms
[2026-03-14T22:16:46.335+0800] GC(71) User=0.00s Sys=0.01s Real=0.00s
[2026-03-14T22:16:56.541+0800] GC(72) Pause Young (Normal) (G1 Evacuation Pause)
[2026-03-14T22:16:56.541+0800] GC(72) Using 9 workers of 9 for evacuation
[2026-03-14T22:16:56.542+0800] GC(72)   Pre Evacuate Collection Set: 0.13ms
[2026-03-14T22:16:56.542+0800] GC(72)   Merge Heap Roots: 0.12ms
[2026-03-14T22:16:56.542+0800] GC(72)   Evacuate Collection Set: 0.27ms
[2026-03-14T22:16:56.542+0800] GC(72)   Post Evacuate Collection Set: 0.27ms
[2026-03-14T22:16:56.542+0800] GC(72)   Other: 0.07ms
[2026-03-14T22:16:56.542+0800] GC(72) Eden regions: 306->0(306)
[2026-03-14T22:16:56.542+0800] GC(72) Survivor regions: 1->1(39)
[2026-03-14T22:16:56.542+0800] GC(72) Old regions: 10->10
[2026-03-14T22:16:56.542+0800] GC(72) Humongous regions: 100->100
[2026-03-14T22:16:56.542+0800] GC(72) Metaspace: 9679K(9856K)->9679K(9856K) NonClass: 8919K(9024K)->8919K(9024K) Class: 759K(832K)->759K(832K)
[2026-03-14T22:16:56.542+0800] GC(72) Pause Young (Normal) (G1 Evacuation Pause) 414M->108M(512M) 1.034ms
[2026-03-14T22:16:56.542+0800] GC(72) User=0.01s Sys=0.00s Real=0.00s
[2026-03-14T22:17:06.705+0800] GC(73) Pause Young (Normal) (G1 Evacuation Pause)
[2026-03-14T22:17:06.705+0800] GC(73) Using 9 workers of 9 for evacuation
[2026-03-14T22:17:06.706+0800] GC(73)   Pre Evacuate Collection Set: 0.12ms
[2026-03-14T22:17:06.706+0800] GC(73)   Merge Heap Roots: 0.09ms
[2026-03-14T22:17:06.706+0800] GC(73)   Evacuate Collection Set: 0.23ms
[2026-03-14T22:17:06.706+0800] GC(73)   Post Evacuate Collection Set: 0.19ms
[2026-03-14T22:17:06.706+0800] GC(73)   Other: 0.05ms
[2026-03-14T22:17:06.706+0800] GC(73) Eden regions: 306->0(306)
[2026-03-14T22:17:06.706+0800] GC(73) Survivor regions: 1->1(39)
[2026-03-14T22:17:06.706+0800] GC(73) Old regions: 10->10
[2026-03-14T22:17:06.706+0800] GC(73) Humongous regions: 100->100
[2026-03-14T22:17:06.706+0800] GC(73) Metaspace: 9679K(9856K)->9679K(9856K) NonClass: 8919K(9024K)->8919K(9024K) Class: 759K(832K)->759K(832K)
[2026-03-14T22:17:06.706+0800] GC(73) Pause Young (Normal) (G1 Evacuation Pause) 414M->108M(512M) 0.815ms
[2026-03-14T22:17:06.706+0800] GC(73) User=0.01s Sys=0.00s Real=0.00s
[2026-03-14T22:17:16.887+0800] GC(74) Pause Young (Normal) (G1 Evacuation Pause)
[2026-03-14T22:17:16.887+0800] GC(74) Using 9 workers of 9 for evacuation
[2026-03-14T22:17:16.887+0800] GC(74)   Pre Evacuate Collection Set: 0.12ms
[2026-03-14T22:17:16.887+0800] GC(74)   Merge Heap Roots: 0.12ms
[2026-03-14T22:17:16.887+0800] GC(74)   Evacuate Collection Set: 0.20ms
[2026-03-14T22:17:16.887+0800] GC(74)   Post Evacuate Collection Set: 0.22ms
[2026-03-14T22:17:16.887+0800] GC(74)   Other: 0.06ms
[2026-03-14T22:17:16.887+0800] GC(74) Eden regions: 306->0(306)
[2026-03-14T22:17:16.887+0800] GC(74) Survivor regions: 1->1(39)
[2026-03-14T22:17:16.887+0800] GC(74) Old regions: 10->10
[2026-03-14T22:17:16.887+0800] GC(74) Humongous regions: 100->100
[2026-03-14T22:17:16.887+0800] GC(74) Metaspace: 9679K(9856K)->9679K(9856K) NonClass: 8919K(9024K)->8919K(9024K) Class: 759K(832K)->759K(832K)
[2026-03-14T22:17:16.888+0800] GC(74) Pause Young (Normal) (G1 Evacuation Pause) 414M->108M(512M) 0.839ms
[2026-03-14T22:17:16.888+0800] GC(74) User=0.00s Sys=0.00s Real=0.00s
[2026-03-14T22:17:27.090+0800] GC(75) Pause Young (Normal) (G1 Evacuation Pause)
[2026-03-14T22:17:27.090+0800] GC(75) Using 9 workers of 9 for evacuation
[2026-03-14T22:17:27.091+0800] GC(75)   Pre Evacuate Collection Set: 0.12ms
[2026-03-14T22:17:27.091+0800] GC(75)   Merge Heap Roots: 0.07ms
[2026-03-14T22:17:27.091+0800] GC(75)   Evacuate Collection Set: 0.27ms
[2026-03-14T22:17:27.091+0800] GC(75)   Post Evacuate Collection Set: 0.23ms
[2026-03-14T22:17:27.091+0800] GC(75)   Other: 0.08ms
[2026-03-14T22:17:27.091+0800] GC(75) Eden regions: 306->0(306)
[2026-03-14T22:17:27.091+0800] GC(75) Survivor regions: 1->1(39)
[2026-03-14T22:17:27.091+0800] GC(75) Old regions: 10->10
[2026-03-14T22:17:27.091+0800] GC(75) Humongous regions: 100->100
[2026-03-14T22:17:27.091+0800] GC(75) Metaspace: 9679K(9856K)->9679K(9856K) NonClass: 8919K(9024K)->8919K(9024K) Class: 759K(832K)->759K(832K)
[2026-03-14T22:17:27.091+0800] GC(75) Pause Young (Normal) (G1 Evacuation Pause) 414M->108M(512M) 0.939ms
[2026-03-14T22:17:27.091+0800] GC(75) User=0.01s Sys=0.00s Real=0.00s
[2026-03-14T22:17:37.293+0800] GC(76) Pause Young (Normal) (G1 Evacuation Pause)
[2026-03-14T22:17:37.293+0800] GC(76) Using 9 workers of 9 for evacuation
[2026-03-14T22:17:37.294+0800] GC(76)   Pre Evacuate Collection Set: 0.22ms
[2026-03-14T22:17:37.294+0800] GC(76)   Merge Heap Roots: 0.07ms
[2026-03-14T22:17:37.294+0800] GC(76)   Evacuate Collection Set: 0.41ms
[2026-03-14T22:17:37.294+0800] GC(76)   Post Evacuate Collection Set: 0.26ms
[2026-03-14T22:17:37.294+0800] GC(76)   Other: 0.08ms
[2026-03-14T22:17:37.294+0800] GC(76) Eden regions: 306->0(306)
[2026-03-14T22:17:37.294+0800] GC(76) Survivor regions: 1->1(39)
[2026-03-14T22:17:37.294+0800] GC(76) Old regions: 10->10
[2026-03-14T22:17:37.294+0800] GC(76) Humongous regions: 100->100
[2026-03-14T22:17:37.294+0800] GC(76) Metaspace: 9679K(9856K)->9679K(9856K) NonClass: 8919K(9024K)->8919K(9024K) Class: 759K(832K)->759K(832K)
[2026-03-14T22:17:37.294+0800] GC(76) Pause Young (Normal) (G1 Evacuation Pause) 414M->108M(512M) 1.232ms
[2026-03-14T22:17:37.294+0800] GC(76) User=0.01s Sys=0.00s Real=0.00s
[2026-03-14T22:17:47.495+0800] GC(77) Pause Young (Normal) (G1 Evacuation Pause)
[2026-03-14T22:17:47.495+0800] GC(77) Using 9 workers of 9 for evacuation
[2026-03-14T22:17:47.496+0800] GC(77)   Pre Evacuate Collection Set: 0.15ms
[2026-03-14T22:17:47.496+0800] GC(77)   Merge Heap Roots: 0.12ms
[2026-03-14T22:17:47.496+0800] GC(77)   Evacuate Collection Set: 0.28ms
[2026-03-14T22:17:47.496+0800] GC(77)   Post Evacuate Collection Set: 0.27ms
[2026-03-14T22:17:47.496+0800] GC(77)   Other: 0.07ms
[2026-03-14T22:17:47.496+0800] GC(77) Eden regions: 306->0(306)
[2026-03-14T22:17:47.496+0800] GC(77) Survivor regions: 1->1(39)
[2026-03-14T22:17:47.496+0800] GC(77) Old regions: 10->10
[2026-03-14T22:17:47.496+0800] GC(77) Humongous regions: 100->100
[2026-03-14T22:17:47.496+0800] GC(77) Metaspace: 9679K(9856K)->9679K(9856K) NonClass: 8919K(9024K)->8919K(9024K) Class: 759K(832K)->759K(832K)
[2026-03-14T22:17:47.496+0800] GC(77) Pause Young (Normal) (G1 Evacuation Pause) 414M->108M(512M) 1.077ms
[2026-03-14T22:17:47.496+0800] GC(77) User=0.00s Sys=0.00s Real=0.00s
[2026-03-14T22:17:57.701+0800] GC(78) Pause Young (Normal) (G1 Evacuation Pause)
[2026-03-14T22:17:57.701+0800] GC(78) Using 9 workers of 9 for evacuation
[2026-03-14T22:17:57.702+0800] GC(78)   Pre Evacuate Collection Set: 0.18ms
[2026-03-14T22:17:57.702+0800] GC(78)   Merge Heap Roots: 0.09ms
[2026-03-14T22:17:57.702+0800] GC(78)   Evacuate Collection Set: 0.34ms
[2026-03-14T22:17:57.702+0800] GC(78)   Post Evacuate Collection Set: 0.29ms
[2026-03-14T22:17:57.702+0800] GC(78)   Other: 0.07ms
[2026-03-14T22:17:57.702+0800] GC(78) Eden regions: 306->0(306)
[2026-03-14T22:17:57.702+0800] GC(78) Survivor regions: 1->1(39)
[2026-03-14T22:17:57.702+0800] GC(78) Old regions: 10->10
[2026-03-14T22:17:57.702+0800] GC(78) Humongous regions: 100->100
[2026-03-14T22:17:57.702+0800] GC(78) Metaspace: 9679K(9856K)->9679K(9856K) NonClass: 8919K(9024K)->8919K(9024K) Class: 759K(832K)->759K(832K)
[2026-03-14T22:17:57.702+0800] GC(78) Pause Young (Normal) (G1 Evacuation Pause) 414M->108M(512M) 1.135ms
[2026-03-14T22:17:57.702+0800] GC(78) User=0.00s Sys=0.00s Real=0.00s
[2026-03-14T22:18:07.869+0800] GC(79) Pause Young (Normal) (G1 Evacuation Pause)
[2026-03-14T22:18:07.869+0800] GC(79) Using 9 workers of 9 for evacuation
[2026-03-14T22:18:07.870+0800] GC(79)   Pre Evacuate Collection Set: 0.15ms
[2026-03-14T22:18:07.870+0800] GC(79)   Merge Heap Roots: 0.08ms
[2026-03-14T22:18:07.870+0800] GC(79)   Evacuate Collection Set: 0.41ms
[2026-03-14T22:18:07.870+0800] GC(79)   Post Evacuate Collection Set: 0.31ms
[2026-03-14T22:18:07.870+0800] GC(79)   Other: 0.07ms
[2026-03-14T22:18:07.870+0800] GC(79) Eden regions: 306->0(306)
[2026-03-14T22:18:07.870+0800] GC(79) Survivor regions: 1->1(39)
[2026-03-14T22:18:07.870+0800] GC(79) Old regions: 10->10
[2026-03-14T22:18:07.870+0800] GC(79) Humongous regions: 100->100
[2026-03-14T22:18:07.870+0800] GC(79) Metaspace: 9679K(9856K)->9679K(9856K) NonClass: 8919K(9024K)->8919K(9024K) Class: 759K(832K)->759K(832K)
[2026-03-14T22:18:07.870+0800] GC(79) Pause Young (Normal) (G1 Evacuation Pause) 414M->108M(512M) 1.180ms
[2026-03-14T22:18:07.870+0800] GC(79) User=0.00s Sys=0.00s Real=0.01s
[2026-03-14T22:18:18.066+0800] GC(80) Pause Young (Normal) (G1 Evacuation Pause)
[2026-03-14T22:18:18.066+0800] GC(80) Using 9 workers of 9 for evacuation
[2026-03-14T22:18:18.067+0800] GC(80)   Pre Evacuate Collection Set: 0.18ms
[2026-03-14T22:18:18.067+0800] GC(80)   Merge Heap Roots: 0.10ms
[2026-03-14T22:18:18.067+0800] GC(80)   Evacuate Collection Set: 0.28ms
[2026-03-14T22:18:18.067+0800] GC(80)   Post Evacuate Collection Set: 0.25ms
[2026-03-14T22:18:18.067+0800] GC(80)   Other: 0.09ms
[2026-03-14T22:18:18.067+0800] GC(80) Eden regions: 306->0(306)
[2026-03-14T22:18:18.067+0800] GC(80) Survivor regions: 1->1(39)
[2026-03-14T22:18:18.067+0800] GC(80) Old regions: 10->10
[2026-03-14T22:18:18.067+0800] GC(80) Humongous regions: 100->100
[2026-03-14T22:18:18.067+0800] GC(80) Metaspace: 9679K(9856K)->9679K(9856K) NonClass: 8919K(9024K)->8919K(9024K) Class: 759K(832K)->759K(832K)
[2026-03-14T22:18:18.067+0800] GC(80) Pause Young (Normal) (G1 Evacuation Pause) 414M->108M(512M) 1.106ms
[2026-03-14T22:18:18.067+0800] GC(80) User=0.00s Sys=0.01s Real=0.00s
[2026-03-14T22:18:28.272+0800] GC(81) Pause Young (Normal) (G1 Evacuation Pause)
[2026-03-14T22:18:28.272+0800] GC(81) Using 9 workers of 9 for evacuation
[2026-03-14T22:18:28.274+0800] GC(81)   Pre Evacuate Collection Set: 0.21ms
[2026-03-14T22:18:28.274+0800] GC(81)   Merge Heap Roots: 0.15ms
[2026-03-14T22:18:28.274+0800] GC(81)   Evacuate Collection Set: 1.48ms
[2026-03-14T22:18:28.274+0800] GC(81)   Post Evacuate Collection Set: 0.37ms
[2026-03-14T22:18:28.274+0800] GC(81)   Other: 0.14ms
[2026-03-14T22:18:28.274+0800] GC(81) Eden regions: 306->0(306)
[2026-03-14T22:18:28.274+0800] GC(81) Survivor regions: 1->1(39)
[2026-03-14T22:18:28.274+0800] GC(81) Old regions: 10->10
[2026-03-14T22:18:28.274+0800] GC(81) Humongous regions: 100->100
[2026-03-14T22:18:28.274+0800] GC(81) Metaspace: 9679K(9856K)->9679K(9856K) NonClass: 8919K(9024K)->8919K(9024K) Class: 759K(832K)->759K(832K)
[2026-03-14T22:18:28.274+0800] GC(81) Pause Young (Normal) (G1 Evacuation Pause) 414M->108M(512M) 2.739ms
[2026-03-14T22:18:28.275+0800] GC(81) User=0.00s Sys=0.00s Real=0.00s
[2026-03-14T22:18:38.478+0800] GC(82) Pause Young (Normal) (G1 Evacuation Pause)
[2026-03-14T22:18:38.478+0800] GC(82) Using 9 workers of 9 for evacuation
[2026-03-14T22:18:38.478+0800] GC(82)   Pre Evacuate Collection Set: 0.16ms
[2026-03-14T22:18:38.478+0800] GC(82)   Merge Heap Roots: 0.06ms
[2026-03-14T22:18:38.478+0800] GC(82)   Evacuate Collection Set: 0.23ms
[2026-03-14T22:18:38.479+0800] GC(82)   Post Evacuate Collection Set: 0.21ms
[2026-03-14T22:18:38.479+0800] GC(82)   Other: 0.08ms
[2026-03-14T22:18:38.479+0800] GC(82) Eden regions: 306->0(306)
[2026-03-14T22:18:38.479+0800] GC(82) Survivor regions: 1->1(39)
[2026-03-14T22:18:38.479+0800] GC(82) Old regions: 10->10
[2026-03-14T22:18:38.479+0800] GC(82) Humongous regions: 100->100
[2026-03-14T22:18:38.479+0800] GC(82) Metaspace: 9679K(9856K)->9679K(9856K) NonClass: 8919K(9024K)->8919K(9024K) Class: 759K(832K)->759K(832K)
[2026-03-14T22:18:38.479+0800] GC(82) Pause Young (Normal) (G1 Evacuation Pause) 414M->108M(512M) 0.866ms
[2026-03-14T22:18:38.479+0800] GC(82) User=0.00s Sys=0.00s Real=0.00s
[2026-03-14T22:18:48.684+0800] GC(83) Pause Young (Normal) (G1 Evacuation Pause)
[2026-03-14T22:18:48.684+0800] GC(83) Using 9 workers of 9 for evacuation
[2026-03-14T22:18:48.685+0800] GC(83)   Pre Evacuate Collection Set: 0.12ms
[2026-03-14T22:18:48.685+0800] GC(83)   Merge Heap Roots: 0.13ms
[2026-03-14T22:18:48.685+0800] GC(83)   Evacuate Collection Set: 0.31ms
[2026-03-14T22:18:48.685+0800] GC(83)   Post Evacuate Collection Set: 0.23ms
[2026-03-14T22:18:48.685+0800] GC(83)   Other: 0.06ms
[2026-03-14T22:18:48.685+0800] GC(83) Eden regions: 306->0(306)
[2026-03-14T22:18:48.685+0800] GC(83) Survivor regions: 1->1(39)
[2026-03-14T22:18:48.685+0800] GC(83) Old regions: 10->10
[2026-03-14T22:18:48.685+0800] GC(83) Humongous regions: 100->100
[2026-03-14T22:18:48.685+0800] GC(83) Metaspace: 9679K(9856K)->9679K(9856K) NonClass: 8919K(9024K)->8919K(9024K) Class: 759K(832K)->759K(832K)
[2026-03-14T22:18:48.685+0800] GC(83) Pause Young (Normal) (G1 Evacuation Pause) 414M->108M(512M) 0.997ms
[2026-03-14T22:18:48.685+0800] GC(83) User=0.00s Sys=0.00s Real=0.00s
[2026-03-14T22:18:58.890+0800] GC(84) Pause Young (Normal) (G1 Evacuation Pause)
[2026-03-14T22:18:58.890+0800] GC(84) Using 9 workers of 9 for evacuation
[2026-03-14T22:18:58.890+0800] GC(84)   Pre Evacuate Collection Set: 0.17ms
[2026-03-14T22:18:58.891+0800] GC(84)   Merge Heap Roots: 0.08ms
[2026-03-14T22:18:58.891+0800] GC(84)   Evacuate Collection Set: 0.40ms
[2026-03-14T22:18:58.891+0800] GC(84)   Post Evacuate Collection Set: 0.20ms
[2026-03-14T22:18:58.891+0800] GC(84)   Other: 0.07ms
[2026-03-14T22:18:58.891+0800] GC(84) Eden regions: 306->0(306)
[2026-03-14T22:18:58.891+0800] GC(84) Survivor regions: 1->1(39)
[2026-03-14T22:18:58.891+0800] GC(84) Old regions: 10->10
[2026-03-14T22:18:58.891+0800] GC(84) Humongous regions: 100->100
[2026-03-14T22:18:58.891+0800] GC(84) Metaspace: 9679K(9856K)->9679K(9856K) NonClass: 8919K(9024K)->8919K(9024K) Class: 759K(832K)->759K(832K)
[2026-03-14T22:18:58.891+0800] GC(84) Pause Young (Normal) (G1 Evacuation Pause) 414M->108M(512M) 1.091ms
[2026-03-14T22:18:58.891+0800] GC(84) User=0.01s Sys=0.00s Real=0.00s
[2026-03-14T22:19:09.060+0800] GC(85) Pause Young (Normal) (G1 Evacuation Pause)
[2026-03-14T22:19:09.060+0800] GC(85) Using 9 workers of 9 for evacuation
[2026-03-14T22:19:09.061+0800] GC(85)   Pre Evacuate Collection Set: 0.19ms
[2026-03-14T22:19:09.061+0800] GC(85)   Merge Heap Roots: 0.10ms
[2026-03-14T22:19:09.061+0800] GC(85)   Evacuate Collection Set: 0.32ms
[2026-03-14T22:19:09.061+0800] GC(85)   Post Evacuate Collection Set: 0.26ms
[2026-03-14T22:19:09.061+0800] GC(85)   Other: 0.08ms
[2026-03-14T22:19:09.061+0800] GC(85) Eden regions: 306->0(306)
[2026-03-14T22:19:09.061+0800] GC(85) Survivor regions: 1->1(39)
[2026-03-14T22:19:09.061+0800] GC(85) Old regions: 10->10
[2026-03-14T22:19:09.061+0800] GC(85) Humongous regions: 100->100
[2026-03-14T22:19:09.061+0800] GC(85) Metaspace: 9679K(9856K)->9679K(9856K) NonClass: 8919K(9024K)->8919K(9024K) Class: 759K(832K)->759K(832K)
[2026-03-14T22:19:09.061+0800] GC(85) Pause Young (Normal) (G1 Evacuation Pause) 414M->108M(512M) 1.103ms
[2026-03-14T22:19:09.061+0800] GC(85) User=0.01s Sys=0.00s Real=0.00s
[2026-03-14T22:19:19.267+0800] GC(86) Pause Young (Normal) (G1 Evacuation Pause)
[2026-03-14T22:19:19.267+0800] GC(86) Using 9 workers of 9 for evacuation
[2026-03-14T22:19:19.269+0800] GC(86)   Pre Evacuate Collection Set: 0.17ms
[2026-03-14T22:19:19.269+0800] GC(86)   Merge Heap Roots: 0.31ms
[2026-03-14T22:19:19.269+0800] GC(86)   Evacuate Collection Set: 1.79ms
[2026-03-14T22:19:19.269+0800] GC(86)   Post Evacuate Collection Set: 0.37ms
[2026-03-14T22:19:19.270+0800] GC(86)   Other: 0.13ms
[2026-03-14T22:19:19.270+0800] GC(86) Eden regions: 306->0(306)
[2026-03-14T22:19:19.270+0800] GC(86) Survivor regions: 1->1(39)
[2026-03-14T22:19:19.270+0800] GC(86) Old regions: 10->10
[2026-03-14T22:19:19.270+0800] GC(86) Humongous regions: 100->100
[2026-03-14T22:19:19.270+0800] GC(86) Metaspace: 9679K(9856K)->9679K(9856K) NonClass: 8919K(9024K)->8919K(9024K) Class: 759K(832K)->759K(832K)
[2026-03-14T22:19:19.270+0800] GC(86) Pause Young (Normal) (G1 Evacuation Pause) 414M->108M(512M) 3.103ms
[2026-03-14T22:19:19.270+0800] GC(86) User=0.00s Sys=0.00s Real=0.01s
[2026-03-14T22:19:29.474+0800] GC(87) Pause Young (Normal) (G1 Evacuation Pause)
[2026-03-14T22:19:29.474+0800] GC(87) Using 9 workers of 9 for evacuation
[2026-03-14T22:19:29.477+0800] GC(87)   Pre Evacuate Collection Set: 0.17ms
[2026-03-14T22:19:29.477+0800] GC(87)   Merge Heap Roots: 0.22ms
[2026-03-14T22:19:29.477+0800] GC(87)   Evacuate Collection Set: 1.85ms
[2026-03-14T22:19:29.477+0800] GC(87)   Post Evacuate Collection Set: 0.46ms
[2026-03-14T22:19:29.477+0800] GC(87)   Other: 0.12ms
[2026-03-14T22:19:29.477+0800] GC(87) Eden regions: 306->0(306)
[2026-03-14T22:19:29.477+0800] GC(87) Survivor regions: 1->1(39)
[2026-03-14T22:19:29.477+0800] GC(87) Old regions: 10->10
[2026-03-14T22:19:29.477+0800] GC(87) Humongous regions: 100->100
[2026-03-14T22:19:29.477+0800] GC(87) Metaspace: 9679K(9856K)->9679K(9856K) NonClass: 8919K(9024K)->8919K(9024K) Class: 759K(832K)->759K(832K)
[2026-03-14T22:19:29.477+0800] GC(87) Pause Young (Normal) (G1 Evacuation Pause) 414M->108M(512M) 3.180ms
[2026-03-14T22:19:29.477+0800] GC(87) User=0.00s Sys=0.00s Real=0.00s
[2026-03-14T22:19:39.674+0800] GC(88) Pause Young (Normal) (G1 Evacuation Pause)
[2026-03-14T22:19:39.674+0800] GC(88) Using 9 workers of 9 for evacuation
[2026-03-14T22:19:39.674+0800] GC(88)   Pre Evacuate Collection Set: 0.14ms
[2026-03-14T22:19:39.674+0800] GC(88)   Merge Heap Roots: 0.14ms
[2026-03-14T22:19:39.675+0800] GC(88)   Evacuate Collection Set: 0.22ms
[2026-03-14T22:19:39.675+0800] GC(88)   Post Evacuate Collection Set: 0.21ms
[2026-03-14T22:19:39.675+0800] GC(88)   Other: 0.07ms
[2026-03-14T22:19:39.675+0800] GC(88) Eden regions: 306->0(306)
[2026-03-14T22:19:39.675+0800] GC(88) Survivor regions: 1->1(39)
[2026-03-14T22:19:39.675+0800] GC(88) Old regions: 10->10
[2026-03-14T22:19:39.675+0800] GC(88) Humongous regions: 100->100
[2026-03-14T22:19:39.675+0800] GC(88) Metaspace: 9679K(9856K)->9679K(9856K) NonClass: 8919K(9024K)->8919K(9024K) Class: 759K(832K)->759K(832K)
[2026-03-14T22:19:39.675+0800] GC(88) Pause Young (Normal) (G1 Evacuation Pause) 414M->108M(512M) 0.915ms
[2026-03-14T22:19:39.675+0800] GC(88) User=0.00s Sys=0.00s Real=0.00s
[2026-03-14T22:19:49.882+0800] GC(89) Pause Young (Normal) (G1 Evacuation Pause)
[2026-03-14T22:19:49.882+0800] GC(89) Using 9 workers of 9 for evacuation
[2026-03-14T22:19:49.886+0800] GC(89)   Pre Evacuate Collection Set: 0.19ms
[2026-03-14T22:19:49.886+0800] GC(89)   Merge Heap Roots: 0.16ms
[2026-03-14T22:19:49.886+0800] GC(89)   Evacuate Collection Set: 2.54ms
[2026-03-14T22:19:49.886+0800] GC(89)   Post Evacuate Collection Set: 0.36ms
[2026-03-14T22:19:49.886+0800] GC(89)   Other: 0.12ms
[2026-03-14T22:19:49.886+0800] GC(89) Eden regions: 306->0(306)
[2026-03-14T22:19:49.886+0800] GC(89) Survivor regions: 1->1(39)
[2026-03-14T22:19:49.886+0800] GC(89) Old regions: 10->10
[2026-03-14T22:19:49.886+0800] GC(89) Humongous regions: 100->100
[2026-03-14T22:19:49.886+0800] GC(89) Metaspace: 9679K(9856K)->9679K(9856K) NonClass: 8919K(9024K)->8919K(9024K) Class: 759K(832K)->759K(832K)
[2026-03-14T22:19:49.886+0800] GC(89) Pause Young (Normal) (G1 Evacuation Pause) 414M->108M(512M) 3.753ms
[2026-03-14T22:19:49.886+0800] GC(89) User=0.00s Sys=0.00s Real=0.00s
[2026-03-14T22:20:00.086+0800] GC(90) Pause Young (Normal) (G1 Evacuation Pause)
[2026-03-14T22:20:00.086+0800] GC(90) Using 9 workers of 9 for evacuation
[2026-03-14T22:20:00.091+0800] GC(90)   Pre Evacuate Collection Set: 0.24ms
[2026-03-14T22:20:00.091+0800] GC(90)   Merge Heap Roots: 0.13ms
[2026-03-14T22:20:00.091+0800] GC(90)   Evacuate Collection Set: 3.45ms
[2026-03-14T22:20:00.091+0800] GC(90)   Post Evacuate Collection Set: 0.84ms
[2026-03-14T22:20:00.091+0800] GC(90)   Other: 0.20ms
[2026-03-14T22:20:00.091+0800] GC(90) Eden regions: 306->0(306)
[2026-03-14T22:20:00.091+0800] GC(90) Survivor regions: 1->1(39)
[2026-03-14T22:20:00.091+0800] GC(90) Old regions: 10->10
[2026-03-14T22:20:00.091+0800] GC(90) Humongous regions: 100->100
[2026-03-14T22:20:00.091+0800] GC(90) Metaspace: 9679K(9856K)->9679K(9856K) NonClass: 8919K(9024K)->8919K(9024K) Class: 759K(832K)->759K(832K)
[2026-03-14T22:20:00.091+0800] GC(90) Pause Young (Normal) (G1 Evacuation Pause) 414M->108M(512M) 5.461ms
[2026-03-14T22:20:00.091+0800] GC(90) User=0.00s Sys=0.00s Real=0.01s
[2026-03-14T22:20:10.257+0800] GC(91) Pause Young (Normal) (G1 Evacuation Pause)
[2026-03-14T22:20:10.257+0800] GC(91) Using 9 workers of 9 for evacuation
[2026-03-14T22:20:10.261+0800] GC(91)   Pre Evacuate Collection Set: 0.37ms
[2026-03-14T22:20:10.261+0800] GC(91)   Merge Heap Roots: 0.30ms
[2026-03-14T22:20:10.261+0800] GC(91)   Evacuate Collection Set: 2.48ms
[2026-03-14T22:20:10.261+0800] GC(91)   Post Evacuate Collection Set: 0.28ms
[2026-03-14T22:20:10.261+0800] GC(91)   Other: 0.10ms
[2026-03-14T22:20:10.261+0800] GC(91) Eden regions: 306->0(306)
[2026-03-14T22:20:10.261+0800] GC(91) Survivor regions: 1->1(39)
[2026-03-14T22:20:10.261+0800] GC(91) Old regions: 10->10
[2026-03-14T22:20:10.261+0800] GC(91) Humongous regions: 100->100
[2026-03-14T22:20:10.261+0800] GC(91) Metaspace: 9679K(9856K)->9679K(9856K) NonClass: 8919K(9024K)->8919K(9024K) Class: 759K(832K)->759K(832K)
[2026-03-14T22:20:10.261+0800] GC(91) Pause Young (Normal) (G1 Evacuation Pause) 414M->108M(512M) 3.723ms
[2026-03-14T22:20:10.261+0800] GC(91) User=0.01s Sys=0.00s Real=0.01s
[2026-03-14T22:20:20.461+0800] GC(92) Pause Young (Normal) (G1 Evacuation Pause)
[2026-03-14T22:20:20.461+0800] GC(92) Using 9 workers of 9 for evacuation
[2026-03-14T22:20:20.462+0800] GC(92)   Pre Evacuate Collection Set: 0.12ms
[2026-03-14T22:20:20.462+0800] GC(92)   Merge Heap Roots: 0.13ms
[2026-03-14T22:20:20.462+0800] GC(92)   Evacuate Collection Set: 0.28ms
[2026-03-14T22:20:20.462+0800] GC(92)   Post Evacuate Collection Set: 0.26ms
[2026-03-14T22:20:20.462+0800] GC(92)   Other: 0.07ms
[2026-03-14T22:20:20.462+0800] GC(92) Eden regions: 306->0(306)
[2026-03-14T22:20:20.462+0800] GC(92) Survivor regions: 1->1(39)
[2026-03-14T22:20:20.462+0800] GC(92) Old regions: 10->10
[2026-03-14T22:20:20.462+0800] GC(92) Humongous regions: 100->100
[2026-03-14T22:20:20.462+0800] GC(92) Metaspace: 9679K(9856K)->9679K(9856K) NonClass: 8919K(9024K)->8919K(9024K) Class: 759K(832K)->759K(832K)
[2026-03-14T22:20:20.462+0800] GC(92) Pause Young (Normal) (G1 Evacuation Pause) 414M->108M(512M) 1.034ms
[2026-03-14T22:20:20.462+0800] GC(92) User=0.00s Sys=0.00s Real=0.00s
[2026-03-14T22:20:30.669+0800] GC(93) Pause Young (Normal) (G1 Evacuation Pause)
[2026-03-14T22:20:30.669+0800] GC(93) Using 9 workers of 9 for evacuation
[2026-03-14T22:20:30.670+0800] GC(93)   Pre Evacuate Collection Set: 0.14ms
[2026-03-14T22:20:30.670+0800] GC(93)   Merge Heap Roots: 0.10ms
[2026-03-14T22:20:30.670+0800] GC(93)   Evacuate Collection Set: 0.33ms
[2026-03-14T22:20:30.670+0800] GC(93)   Post Evacuate Collection Set: 0.31ms
[2026-03-14T22:20:30.670+0800] GC(93)   Other: 0.07ms
[2026-03-14T22:20:30.670+0800] GC(93) Eden regions: 306->0(306)
[2026-03-14T22:20:30.670+0800] GC(93) Survivor regions: 1->1(39)
[2026-03-14T22:20:30.670+0800] GC(93) Old regions: 10->10
[2026-03-14T22:20:30.670+0800] GC(93) Humongous regions: 100->100
[2026-03-14T22:20:30.670+0800] GC(93) Metaspace: 9679K(9856K)->9679K(9856K) NonClass: 8919K(9024K)->8919K(9024K) Class: 759K(832K)->759K(832K)
[2026-03-14T22:20:30.670+0800] GC(93) Pause Young (Normal) (G1 Evacuation Pause) 414M->108M(512M) 1.103ms
[2026-03-14T22:20:30.670+0800] GC(93) User=0.00s Sys=0.00s Real=0.01s
[2026-03-14T22:20:40.874+0800] GC(94) Pause Young (Normal) (G1 Evacuation Pause)
[2026-03-14T22:20:40.874+0800] GC(94) Using 9 workers of 9 for evacuation
[2026-03-14T22:20:40.875+0800] GC(94)   Pre Evacuate Collection Set: 0.17ms
[2026-03-14T22:20:40.875+0800] GC(94)   Merge Heap Roots: 0.08ms
[2026-03-14T22:20:40.875+0800] GC(94)   Evacuate Collection Set: 0.37ms
[2026-03-14T22:20:40.875+0800] GC(94)   Post Evacuate Collection Set: 0.33ms
[2026-03-14T22:20:40.875+0800] GC(94)   Other: 0.11ms
[2026-03-14T22:20:40.875+0800] GC(94) Eden regions: 306->0(306)
[2026-03-14T22:20:40.875+0800] GC(94) Survivor regions: 1->1(39)
[2026-03-14T22:20:40.875+0800] GC(94) Old regions: 10->10
[2026-03-14T22:20:40.875+0800] GC(94) Humongous regions: 100->100
[2026-03-14T22:20:40.875+0800] GC(94) Metaspace: 9679K(9856K)->9679K(9856K) NonClass: 8919K(9024K)->8919K(9024K) Class: 759K(832K)->759K(832K)
[2026-03-14T22:20:40.875+0800] GC(94) Pause Young (Normal) (G1 Evacuation Pause) 414M->108M(512M) 1.351ms
[2026-03-14T22:20:40.875+0800] GC(94) User=0.01s Sys=0.00s Real=0.00s
[2026-03-14T22:20:51.084+0800] GC(95) Pause Young (Normal) (G1 Evacuation Pause)
[2026-03-14T22:20:51.084+0800] GC(95) Using 9 workers of 9 for evacuation
[2026-03-14T22:20:51.085+0800] GC(95)   Pre Evacuate Collection Set: 0.18ms
[2026-03-14T22:20:51.085+0800] GC(95)   Merge Heap Roots: 0.15ms
[2026-03-14T22:20:51.085+0800] GC(95)   Evacuate Collection Set: 0.89ms
[2026-03-14T22:20:51.085+0800] GC(95)   Post Evacuate Collection Set: 0.40ms
[2026-03-14T22:20:51.085+0800] GC(95)   Other: 0.12ms
[2026-03-14T22:20:51.085+0800] GC(95) Eden regions: 306->0(306)
[2026-03-14T22:20:51.085+0800] GC(95) Survivor regions: 1->1(39)
[2026-03-14T22:20:51.086+0800] GC(95) Old regions: 10->10
[2026-03-14T22:20:51.086+0800] GC(95) Humongous regions: 100->100
[2026-03-14T22:20:51.086+0800] GC(95) Metaspace: 9679K(9856K)->9679K(9856K) NonClass: 8919K(9024K)->8919K(9024K) Class: 759K(832K)->759K(832K)
[2026-03-14T22:20:51.086+0800] GC(95) Pause Young (Normal) (G1 Evacuation Pause) 414M->108M(512M) 2.056ms
[2026-03-14T22:20:51.086+0800] GC(95) User=0.00s Sys=0.00s Real=0.00s
[2026-03-14T22:21:01.275+0800] GC(96) Pause Young (Normal) (G1 Evacuation Pause)
[2026-03-14T22:21:01.275+0800] GC(96) Using 9 workers of 9 for evacuation
[2026-03-14T22:21:01.276+0800] GC(96)   Pre Evacuate Collection Set: 0.14ms
[2026-03-14T22:21:01.276+0800] GC(96)   Merge Heap Roots: 0.08ms
[2026-03-14T22:21:01.276+0800] GC(96)   Evacuate Collection Set: 0.26ms
[2026-03-14T22:21:01.276+0800] GC(96)   Post Evacuate Collection Set: 0.24ms
[2026-03-14T22:21:01.276+0800] GC(96)   Other: 0.07ms
[2026-03-14T22:21:01.276+0800] GC(96) Eden regions: 306->0(306)
[2026-03-14T22:21:01.276+0800] GC(96) Survivor regions: 1->1(39)
[2026-03-14T22:21:01.276+0800] GC(96) Old regions: 10->10
[2026-03-14T22:21:01.276+0800] GC(96) Humongous regions: 100->100
[2026-03-14T22:21:01.276+0800] GC(96) Metaspace: 9679K(9856K)->9679K(9856K) NonClass: 8919K(9024K)->8919K(9024K) Class: 759K(832K)->759K(832K)
[2026-03-14T22:21:01.276+0800] GC(96) Pause Young (Normal) (G1 Evacuation Pause) 414M->108M(512M) 0.965ms
[2026-03-14T22:21:01.276+0800] GC(96) User=0.00s Sys=0.00s Real=0.00s
[2026-03-14T22:21:11.451+0800] GC(97) Pause Young (Normal) (G1 Evacuation Pause)
[2026-03-14T22:21:11.451+0800] GC(97) Using 9 workers of 9 for evacuation
[2026-03-14T22:21:11.452+0800] GC(97)   Pre Evacuate Collection Set: 0.11ms
[2026-03-14T22:21:11.452+0800] GC(97)   Merge Heap Roots: 0.10ms
[2026-03-14T22:21:11.452+0800] GC(97)   Evacuate Collection Set: 0.30ms
[2026-03-14T22:21:11.452+0800] GC(97)   Post Evacuate Collection Set: 0.29ms
[2026-03-14T22:21:11.452+0800] GC(97)   Other: 0.09ms
[2026-03-14T22:21:11.452+0800] GC(97) Eden regions: 306->0(306)
[2026-03-14T22:21:11.452+0800] GC(97) Survivor regions: 1->1(39)
[2026-03-14T22:21:11.452+0800] GC(97) Old regions: 10->10
[2026-03-14T22:21:11.452+0800] GC(97) Humongous regions: 100->100
[2026-03-14T22:21:11.452+0800] GC(97) Metaspace: 9679K(9856K)->9679K(9856K) NonClass: 8919K(9024K)->8919K(9024K) Class: 759K(832K)->759K(832K)
[2026-03-14T22:21:11.452+0800] GC(97) Pause Young (Normal) (G1 Evacuation Pause) 414M->108M(512M) 1.109ms
[2026-03-14T22:21:11.452+0800] GC(97) User=0.00s Sys=0.00s Real=0.00s
[2026-03-14T22:21:21.648+0800] GC(98) Pause Young (Normal) (G1 Evacuation Pause)
[2026-03-14T22:21:21.648+0800] GC(98) Using 9 workers of 9 for evacuation
[2026-03-14T22:21:21.649+0800] GC(98)   Pre Evacuate Collection Set: 0.16ms
[2026-03-14T22:21:21.649+0800] GC(98)   Merge Heap Roots: 0.12ms
[2026-03-14T22:21:21.649+0800] GC(98)   Evacuate Collection Set: 0.39ms
[2026-03-14T22:21:21.649+0800] GC(98)   Post Evacuate Collection Set: 0.29ms
[2026-03-14T22:21:21.649+0800] GC(98)   Other: 0.10ms
[2026-03-14T22:21:21.649+0800] GC(98) Eden regions: 306->0(306)
[2026-03-14T22:21:21.649+0800] GC(98) Survivor regions: 1->1(39)
[2026-03-14T22:21:21.649+0800] GC(98) Old regions: 10->10
[2026-03-14T22:21:21.649+0800] GC(98) Humongous regions: 100->100
[2026-03-14T22:21:21.649+0800] GC(98) Metaspace: 9679K(9856K)->9679K(9856K) NonClass: 8919K(9024K)->8919K(9024K) Class: 759K(832K)->759K(832K)
[2026-03-14T22:21:21.649+0800] GC(98) Pause Young (Normal) (G1 Evacuation Pause) 414M->108M(512M) 1.252ms
[2026-03-14T22:21:21.649+0800] GC(98) User=0.00s Sys=0.00s Real=0.00s
[2026-03-14T22:21:31.840+0800] GC(99) Pause Young (Normal) (G1 Evacuation Pause)
[2026-03-14T22:21:31.841+0800] GC(99) Using 9 workers of 9 for evacuation
[2026-03-14T22:21:31.842+0800] GC(99)   Pre Evacuate Collection Set: 0.12ms
[2026-03-14T22:21:31.842+0800] GC(99)   Merge Heap Roots: 0.10ms
[2026-03-14T22:21:31.842+0800] GC(99)   Evacuate Collection Set: 0.35ms
[2026-03-14T22:21:31.842+0800] GC(99)   Post Evacuate Collection Set: 0.41ms
[2026-03-14T22:21:31.842+0800] GC(99)   Other: 0.11ms
[2026-03-14T22:21:31.842+0800] GC(99) Eden regions: 306->0(306)
[2026-03-14T22:21:31.842+0800] GC(99) Survivor regions: 1->1(39)
[2026-03-14T22:21:31.842+0800] GC(99) Old regions: 10->10
[2026-03-14T22:21:31.842+0800] GC(99) Humongous regions: 100->100
[2026-03-14T22:21:31.842+0800] GC(99) Metaspace: 9679K(9856K)->9679K(9856K) NonClass: 8919K(9024K)->8919K(9024K) Class: 759K(832K)->759K(832K)
[2026-03-14T22:21:31.842+0800] GC(99) Pause Young (Normal) (G1 Evacuation Pause) 414M->108M(512M) 1.292ms
[2026-03-14T22:21:31.842+0800] GC(99) User=0.01s Sys=0.00s Real=0.00s
[2026-03-14T22:21:42.049+0800] GC(100) Pause Young (Normal) (G1 Evacuation Pause)
[2026-03-14T22:21:42.049+0800] GC(100) Using 9 workers of 9 for evacuation
[2026-03-14T22:21:42.050+0800] GC(100)   Pre Evacuate Collection Set: 0.18ms
[2026-03-14T22:21:42.050+0800] GC(100)   Merge Heap Roots: 0.13ms
[2026-03-14T22:21:42.050+0800] GC(100)   Evacuate Collection Set: 0.35ms
[2026-03-14T22:21:42.050+0800] GC(100)   Post Evacuate Collection Set: 0.31ms
[2026-03-14T22:21:42.050+0800] GC(100)   Other: 0.08ms
[2026-03-14T22:21:42.050+0800] GC(100) Eden regions: 306->0(306)
[2026-03-14T22:21:42.050+0800] GC(100) Survivor regions: 1->1(39)
[2026-03-14T22:21:42.050+0800] GC(100) Old regions: 10->10
[2026-03-14T22:21:42.050+0800] GC(100) Humongous regions: 100->100
[2026-03-14T22:21:42.050+0800] GC(100) Metaspace: 9679K(9856K)->9679K(9856K) NonClass: 8919K(9024K)->8919K(9024K) Class: 759K(832K)->759K(832K)
[2026-03-14T22:21:42.050+0800] GC(100) Pause Young (Normal) (G1 Evacuation Pause) 414M->108M(512M) 1.244ms
[2026-03-14T22:21:42.050+0800] GC(100) User=0.00s Sys=0.00s Real=0.01s
[2026-03-14T22:21:52.248+0800] GC(101) Pause Young (Normal) (G1 Evacuation Pause)
[2026-03-14T22:21:52.248+0800] GC(101) Using 9 workers of 9 for evacuation
[2026-03-14T22:21:52.250+0800] GC(101)   Pre Evacuate Collection Set: 0.55ms
[2026-03-14T22:21:52.250+0800] GC(101)   Merge Heap Roots: 0.20ms
[2026-03-14T22:21:52.250+0800] GC(101)   Evacuate Collection Set: 0.94ms
[2026-03-14T22:21:52.250+0800] GC(101)   Post Evacuate Collection Set: 0.29ms
[2026-03-14T22:21:52.250+0800] GC(101)   Other: 0.14ms
[2026-03-14T22:21:52.250+0800] GC(101) Eden regions: 306->0(306)
[2026-03-14T22:21:52.250+0800] GC(101) Survivor regions: 1->1(39)
[2026-03-14T22:21:52.250+0800] GC(101) Old regions: 10->10
[2026-03-14T22:21:52.250+0800] GC(101) Humongous regions: 100->100
[2026-03-14T22:21:52.250+0800] GC(101) Metaspace: 9679K(9856K)->9679K(9856K) NonClass: 8919K(9024K)->8919K(9024K) Class: 759K(832K)->759K(832K)
[2026-03-14T22:21:52.250+0800] GC(101) Pause Young (Normal) (G1 Evacuation Pause) 414M->108M(512M) 2.335ms
[2026-03-14T22:21:52.250+0800] GC(101) User=0.00s Sys=0.00s Real=0.01s
[2026-03-14T22:22:02.444+0800] GC(102) Pause Young (Normal) (G1 Evacuation Pause)
[2026-03-14T22:22:02.444+0800] GC(102) Using 9 workers of 9 for evacuation
[2026-03-14T22:22:02.445+0800] GC(102)   Pre Evacuate Collection Set: 0.13ms
[2026-03-14T22:22:02.445+0800] GC(102)   Merge Heap Roots: 0.14ms
[2026-03-14T22:22:02.445+0800] GC(102)   Evacuate Collection Set: 0.27ms
[2026-03-14T22:22:02.445+0800] GC(102)   Post Evacuate Collection Set: 0.25ms
[2026-03-14T22:22:02.445+0800] GC(102)   Other: 0.07ms
[2026-03-14T22:22:02.445+0800] GC(102) Eden regions: 306->0(306)
[2026-03-14T22:22:02.445+0800] GC(102) Survivor regions: 1->1(39)
[2026-03-14T22:22:02.445+0800] GC(102) Old regions: 10->10
[2026-03-14T22:22:02.445+0800] GC(102) Humongous regions: 100->100
[2026-03-14T22:22:02.445+0800] GC(102) Metaspace: 9679K(9856K)->9679K(9856K) NonClass: 8919K(9024K)->8919K(9024K) Class: 759K(832K)->759K(832K)
[2026-03-14T22:22:02.445+0800] GC(102) Pause Young (Normal) (G1 Evacuation Pause) 414M->108M(512M) 1.004ms
[2026-03-14T22:22:02.445+0800] GC(102) User=0.01s Sys=0.00s Real=0.00s
[2026-03-14T22:22:12.630+0800] GC(103) Pause Young (Normal) (G1 Evacuation Pause)
[2026-03-14T22:22:12.630+0800] GC(103) Using 9 workers of 9 for evacuation
[2026-03-14T22:22:12.631+0800] GC(103)   Pre Evacuate Collection Set: 0.20ms
[2026-03-14T22:22:12.631+0800] GC(103)   Merge Heap Roots: 0.16ms
[2026-03-14T22:22:12.631+0800] GC(103)   Evacuate Collection Set: 0.38ms
[2026-03-14T22:22:12.631+0800] GC(103)   Post Evacuate Collection Set: 0.29ms
[2026-03-14T22:22:12.631+0800] GC(103)   Other: 0.09ms
[2026-03-14T22:22:12.631+0800] GC(103) Eden regions: 306->0(306)
[2026-03-14T22:22:12.631+0800] GC(103) Survivor regions: 1->1(39)
[2026-03-14T22:22:12.631+0800] GC(103) Old regions: 10->10
[2026-03-14T22:22:12.631+0800] GC(103) Humongous regions: 100->100
[2026-03-14T22:22:12.631+0800] GC(103) Metaspace: 9679K(9856K)->9679K(9856K) NonClass: 8919K(9024K)->8919K(9024K) Class: 759K(832K)->759K(832K)
[2026-03-14T22:22:12.631+0800] GC(103) Pause Young (Normal) (G1 Evacuation Pause) 414M->108M(512M) 1.319ms
[2026-03-14T22:22:12.631+0800] GC(103) User=0.01s Sys=0.01s Real=0.00s
[2026-03-14T22:22:22.817+0800] GC(104) Pause Young (Normal) (G1 Evacuation Pause)
[2026-03-14T22:22:22.817+0800] GC(104) Using 9 workers of 9 for evacuation
[2026-03-14T22:22:22.819+0800] GC(104)   Pre Evacuate Collection Set: 0.15ms
[2026-03-14T22:22:22.819+0800] GC(104)   Merge Heap Roots: 0.16ms
[2026-03-14T22:22:22.819+0800] GC(104)   Evacuate Collection Set: 0.40ms
[2026-03-14T22:22:22.819+0800] GC(104)   Post Evacuate Collection Set: 0.33ms
[2026-03-14T22:22:22.819+0800] GC(104)   Other: 0.09ms
[2026-03-14T22:22:22.819+0800] GC(104) Eden regions: 306->0(306)
[2026-03-14T22:22:22.819+0800] GC(104) Survivor regions: 1->1(39)
[2026-03-14T22:22:22.819+0800] GC(104) Old regions: 10->10
[2026-03-14T22:22:22.819+0800] GC(104) Humongous regions: 100->100
[2026-03-14T22:22:22.819+0800] GC(104) Metaspace: 9679K(9856K)->9679K(9856K) NonClass: 8919K(9024K)->8919K(9024K) Class: 759K(832K)->759K(832K)
[2026-03-14T22:22:22.819+0800] GC(104) Pause Young (Normal) (G1 Evacuation Pause) 414M->108M(512M) 1.357ms
[2026-03-14T22:22:22.819+0800] GC(104) User=0.01s Sys=0.00s Real=0.00s
[2026-03-14T22:22:33.021+0800] GC(105) Pause Young (Normal) (G1 Evacuation Pause)
[2026-03-14T22:22:33.021+0800] GC(105) Using 9 workers of 9 for evacuation
[2026-03-14T22:22:33.022+0800] GC(105)   Pre Evacuate Collection Set: 0.17ms
[2026-03-14T22:22:33.022+0800] GC(105)   Merge Heap Roots: 0.10ms
[2026-03-14T22:22:33.022+0800] GC(105)   Evacuate Collection Set: 0.22ms
[2026-03-14T22:22:33.022+0800] GC(105)   Post Evacuate Collection Set: 0.25ms
[2026-03-14T22:22:33.022+0800] GC(105)   Other: 0.06ms
[2026-03-14T22:22:33.022+0800] GC(105) Eden regions: 306->0(306)
[2026-03-14T22:22:33.022+0800] GC(105) Survivor regions: 1->1(39)
[2026-03-14T22:22:33.022+0800] GC(105) Old regions: 10->10
[2026-03-14T22:22:33.022+0800] GC(105) Humongous regions: 100->100
[2026-03-14T22:22:33.022+0800] GC(105) Metaspace: 9679K(9856K)->9679K(9856K) NonClass: 8919K(9024K)->8919K(9024K) Class: 759K(832K)->759K(832K)
[2026-03-14T22:22:33.022+0800] GC(105) Pause Young (Normal) (G1 Evacuation Pause) 414M->108M(512M) 0.940ms
[2026-03-14T22:22:33.022+0800] GC(105) User=0.00s Sys=0.00s Real=0.00s
[2026-03-14T22:22:43.245+0800] GC(106) Pause Young (Normal) (G1 Evacuation Pause)
[2026-03-14T22:22:43.245+0800] GC(106) Using 9 workers of 9 for evacuation
[2026-03-14T22:22:43.246+0800] GC(106)   Pre Evacuate Collection Set: 0.14ms
[2026-03-14T22:22:43.246+0800] GC(106)   Merge Heap Roots: 0.08ms
[2026-03-14T22:22:43.246+0800] GC(106)   Evacuate Collection Set: 0.34ms
[2026-03-14T22:22:43.246+0800] GC(106)   Post Evacuate Collection Set: 0.27ms
[2026-03-14T22:22:43.246+0800] GC(106)   Other: 0.10ms
[2026-03-14T22:22:43.246+0800] GC(106) Eden regions: 306->0(306)
[2026-03-14T22:22:43.246+0800] GC(106) Survivor regions: 1->1(39)
[2026-03-14T22:22:43.246+0800] GC(106) Old regions: 10->10
[2026-03-14T22:22:43.246+0800] GC(106) Humongous regions: 100->100
[2026-03-14T22:22:43.246+0800] GC(106) Metaspace: 9679K(9856K)->9679K(9856K) NonClass: 8919K(9024K)->8919K(9024K) Class: 759K(832K)->759K(832K)
[2026-03-14T22:22:43.246+0800] GC(106) Pause Young (Normal) (G1 Evacuation Pause) 414M->108M(512M) 1.158ms
[2026-03-14T22:22:43.246+0800] GC(106) User=0.00s Sys=0.00s Real=0.00s
[2026-03-14T22:22:53.450+0800] GC(107) Pause Young (Normal) (G1 Evacuation Pause)
[2026-03-14T22:22:53.451+0800] GC(107) Using 9 workers of 9 for evacuation
[2026-03-14T22:22:53.451+0800] GC(107)   Pre Evacuate Collection Set: 0.19ms
[2026-03-14T22:22:53.451+0800] GC(107)   Merge Heap Roots: 0.08ms
[2026-03-14T22:22:53.451+0800] GC(107)   Evacuate Collection Set: 0.30ms
[2026-03-14T22:22:53.451+0800] GC(107)   Post Evacuate Collection Set: 0.25ms
[2026-03-14T22:22:53.451+0800] GC(107)   Other: 0.08ms
[2026-03-14T22:22:53.452+0800] GC(107) Eden regions: 306->0(306)
[2026-03-14T22:22:53.452+0800] GC(107) Survivor regions: 1->1(39)
[2026-03-14T22:22:53.452+0800] GC(107) Old regions: 10->10
[2026-03-14T22:22:53.452+0800] GC(107) Humongous regions: 100->100
[2026-03-14T22:22:53.452+0800] GC(107) Metaspace: 9679K(9856K)->9679K(9856K) NonClass: 8919K(9024K)->8919K(9024K) Class: 759K(832K)->759K(832K)
[2026-03-14T22:22:53.452+0800] GC(107) Pause Young (Normal) (G1 Evacuation Pause) 414M->108M(512M) 1.109ms
[2026-03-14T22:22:53.452+0800] GC(107) User=0.00s Sys=0.00s Real=0.00s
[2026-03-14T22:23:03.633+0800] GC(108) Pause Young (Normal) (G1 Evacuation Pause)
[2026-03-14T22:23:03.633+0800] GC(108) Using 9 workers of 9 for evacuation
[2026-03-14T22:23:03.634+0800] GC(108)   Pre Evacuate Collection Set: 0.12ms
[2026-03-14T22:23:03.634+0800] GC(108)   Merge Heap Roots: 0.16ms
[2026-03-14T22:23:03.634+0800] GC(108)   Evacuate Collection Set: 0.44ms
[2026-03-14T22:23:03.634+0800] GC(108)   Post Evacuate Collection Set: 0.35ms
[2026-03-14T22:23:03.634+0800] GC(108)   Other: 0.09ms
[2026-03-14T22:23:03.634+0800] GC(108) Eden regions: 306->0(306)
[2026-03-14T22:23:03.634+0800] GC(108) Survivor regions: 1->1(39)
[2026-03-14T22:23:03.634+0800] GC(108) Old regions: 10->10
[2026-03-14T22:23:03.634+0800] GC(108) Humongous regions: 100->100
[2026-03-14T22:23:03.634+0800] GC(108) Metaspace: 9679K(9856K)->9679K(9856K) NonClass: 8919K(9024K)->8919K(9024K) Class: 759K(832K)->759K(832K)
[2026-03-14T22:23:03.634+0800] GC(108) Pause Young (Normal) (G1 Evacuation Pause) 414M->108M(512M) 1.397ms
[2026-03-14T22:23:03.634+0800] GC(108) User=0.01s Sys=0.00s Real=0.00s
[2026-03-14T22:23:13.817+0800] GC(109) Pause Young (Normal) (G1 Evacuation Pause)
[2026-03-14T22:23:13.817+0800] GC(109) Using 9 workers of 9 for evacuation
[2026-03-14T22:23:13.818+0800] GC(109)   Pre Evacuate Collection Set: 0.24ms
[2026-03-14T22:23:13.818+0800] GC(109)   Merge Heap Roots: 0.13ms
[2026-03-14T22:23:13.818+0800] GC(109)   Evacuate Collection Set: 0.49ms
[2026-03-14T22:23:13.818+0800] GC(109)   Post Evacuate Collection Set: 0.32ms
[2026-03-14T22:23:13.818+0800] GC(109)   Other: 0.08ms
[2026-03-14T22:23:13.818+0800] GC(109) Eden regions: 306->0(306)
[2026-03-14T22:23:13.818+0800] GC(109) Survivor regions: 1->1(39)
[2026-03-14T22:23:13.818+0800] GC(109) Old regions: 10->10
[2026-03-14T22:23:13.818+0800] GC(109) Humongous regions: 100->100
[2026-03-14T22:23:13.818+0800] GC(109) Metaspace: 9679K(9856K)->9679K(9856K) NonClass: 8919K(9024K)->8919K(9024K) Class: 759K(832K)->759K(832K)
[2026-03-14T22:23:13.818+0800] GC(109) Pause Young (Normal) (G1 Evacuation Pause) 414M->108M(512M) 1.474ms
[2026-03-14T22:23:13.818+0800] GC(109) User=0.00s Sys=0.01s Real=0.00s
[2026-03-14T22:23:24.027+0800] GC(110) Pause Young (Normal) (G1 Evacuation Pause)
[2026-03-14T22:23:24.027+0800] GC(110) Using 9 workers of 9 for evacuation
[2026-03-14T22:23:24.028+0800] GC(110)   Pre Evacuate Collection Set: 0.11ms
[2026-03-14T22:23:24.028+0800] GC(110)   Merge Heap Roots: 0.16ms
[2026-03-14T22:23:24.028+0800] GC(110)   Evacuate Collection Set: 0.29ms
[2026-03-14T22:23:24.028+0800] GC(110)   Post Evacuate Collection Set: 0.29ms
[2026-03-14T22:23:24.028+0800] GC(110)   Other: 0.09ms
[2026-03-14T22:23:24.028+0800] GC(110) Eden regions: 306->0(306)
[2026-03-14T22:23:24.028+0800] GC(110) Survivor regions: 1->1(39)
[2026-03-14T22:23:24.028+0800] GC(110) Old regions: 10->10
[2026-03-14T22:23:24.028+0800] GC(110) Humongous regions: 100->100
[2026-03-14T22:23:24.028+0800] GC(110) Metaspace: 9679K(9856K)->9679K(9856K) NonClass: 8919K(9024K)->8919K(9024K) Class: 759K(832K)->759K(832K)
[2026-03-14T22:23:24.028+0800] GC(110) Pause Young (Normal) (G1 Evacuation Pause) 414M->108M(512M) 1.122ms
[2026-03-14T22:23:24.028+0800] GC(110) User=0.00s Sys=0.00s Real=0.00s
[2026-03-14T22:23:34.217+0800] GC(111) Pause Young (Normal) (G1 Evacuation Pause)
[2026-03-14T22:23:34.217+0800] GC(111) Using 9 workers of 9 for evacuation
[2026-03-14T22:23:34.218+0800] GC(111)   Pre Evacuate Collection Set: 0.17ms
[2026-03-14T22:23:34.218+0800] GC(111)   Merge Heap Roots: 0.15ms
[2026-03-14T22:23:34.218+0800] GC(111)   Evacuate Collection Set: 0.40ms
[2026-03-14T22:23:34.218+0800] GC(111)   Post Evacuate Collection Set: 0.29ms
[2026-03-14T22:23:34.218+0800] GC(111)   Other: 0.08ms
[2026-03-14T22:23:34.218+0800] GC(111) Eden regions: 306->0(306)
[2026-03-14T22:23:34.218+0800] GC(111) Survivor regions: 1->1(39)
[2026-03-14T22:23:34.218+0800] GC(111) Old regions: 10->10
[2026-03-14T22:23:34.218+0800] GC(111) Humongous regions: 100->100
[2026-03-14T22:23:34.218+0800] GC(111) Metaspace: 9679K(9856K)->9679K(9856K) NonClass: 8919K(9024K)->8919K(9024K) Class: 759K(832K)->759K(832K)
[2026-03-14T22:23:34.218+0800] GC(111) Pause Young (Normal) (G1 Evacuation Pause) 414M->108M(512M) 1.263ms
[2026-03-14T22:23:34.218+0800] GC(111) User=0.00s Sys=0.00s Real=0.00s
[2026-03-14T22:23:44.420+0800] GC(112) Pause Young (Normal) (G1 Evacuation Pause)
[2026-03-14T22:23:44.420+0800] GC(112) Using 9 workers of 9 for evacuation
[2026-03-14T22:23:44.421+0800] GC(112)   Pre Evacuate Collection Set: 0.14ms
[2026-03-14T22:23:44.421+0800] GC(112)   Merge Heap Roots: 0.07ms
[2026-03-14T22:23:44.421+0800] GC(112)   Evacuate Collection Set: 0.23ms
[2026-03-14T22:23:44.421+0800] GC(112)   Post Evacuate Collection Set: 0.20ms
[2026-03-14T22:23:44.421+0800] GC(112)   Other: 0.06ms
[2026-03-14T22:23:44.421+0800] GC(112) Eden regions: 306->0(306)
[2026-03-14T22:23:44.421+0800] GC(112) Survivor regions: 1->1(39)
[2026-03-14T22:23:44.421+0800] GC(112) Old regions: 10->10
[2026-03-14T22:23:44.421+0800] GC(112) Humongous regions: 100->100
[2026-03-14T22:23:44.421+0800] GC(112) Metaspace: 9679K(9856K)->9679K(9856K) NonClass: 8919K(9024K)->8919K(9024K) Class: 759K(832K)->759K(832K)
[2026-03-14T22:23:44.421+0800] GC(112) Pause Young (Normal) (G1 Evacuation Pause) 414M->108M(512M) 0.900ms
[2026-03-14T22:23:44.421+0800] GC(112) User=0.00s Sys=0.00s Real=0.00s
[2026-03-14T22:23:54.629+0800] GC(113) Pause Young (Normal) (G1 Evacuation Pause)
[2026-03-14T22:23:54.629+0800] GC(113) Using 9 workers of 9 for evacuation
[2026-03-14T22:23:54.629+0800] GC(113)   Pre Evacuate Collection Set: 0.15ms
[2026-03-14T22:23:54.629+0800] GC(113)   Merge Heap Roots: 0.06ms
[2026-03-14T22:23:54.629+0800] GC(113)   Evacuate Collection Set: 0.26ms
[2026-03-14T22:23:54.629+0800] GC(113)   Post Evacuate Collection Set: 0.20ms
[2026-03-14T22:23:54.629+0800] GC(113)   Other: 0.05ms
[2026-03-14T22:23:54.629+0800] GC(113) Eden regions: 306->0(306)
[2026-03-14T22:23:54.629+0800] GC(113) Survivor regions: 1->1(39)
[2026-03-14T22:23:54.629+0800] GC(113) Old regions: 10->10
[2026-03-14T22:23:54.629+0800] GC(113) Humongous regions: 100->100
[2026-03-14T22:23:54.629+0800] GC(113) Metaspace: 9679K(9856K)->9679K(9856K) NonClass: 8919K(9024K)->8919K(9024K) Class: 759K(832K)->759K(832K)
[2026-03-14T22:23:54.629+0800] GC(113) Pause Young (Normal) (G1 Evacuation Pause) 414M->108M(512M) 0.840ms
[2026-03-14T22:23:54.629+0800] GC(113) User=0.00s Sys=0.00s Real=0.00s
[2026-03-14T22:24:04.810+0800] GC(114) Pause Young (Normal) (G1 Evacuation Pause)
[2026-03-14T22:24:04.810+0800] GC(114) Using 9 workers of 9 for evacuation
[2026-03-14T22:24:04.811+0800] GC(114)   Pre Evacuate Collection Set: 0.25ms
[2026-03-14T22:24:04.811+0800] GC(114)   Merge Heap Roots: 0.18ms
[2026-03-14T22:24:04.811+0800] GC(114)   Evacuate Collection Set: 0.49ms
[2026-03-14T22:24:04.811+0800] GC(114)   Post Evacuate Collection Set: 0.41ms
[2026-03-14T22:24:04.811+0800] GC(114)   Other: 0.12ms
[2026-03-14T22:24:04.811+0800] GC(114) Eden regions: 306->0(306)
[2026-03-14T22:24:04.811+0800] GC(114) Survivor regions: 1->1(39)
[2026-03-14T22:24:04.811+0800] GC(114) Old regions: 10->10
[2026-03-14T22:24:04.811+0800] GC(114) Humongous regions: 100->100
[2026-03-14T22:24:04.811+0800] GC(114) Metaspace: 9679K(9856K)->9679K(9856K) NonClass: 8919K(9024K)->8919K(9024K) Class: 759K(832K)->759K(832K)
[2026-03-14T22:24:04.811+0800] GC(114) Pause Young (Normal) (G1 Evacuation Pause) 414M->108M(512M) 1.753ms
[2026-03-14T22:24:04.811+0800] GC(114) User=0.01s Sys=0.01s Real=0.00s
[2026-03-14T22:24:14.992+0800] GC(115) Pause Young (Normal) (G1 Evacuation Pause)
[2026-03-14T22:24:14.993+0800] GC(115) Using 9 workers of 9 for evacuation
[2026-03-14T22:24:14.994+0800] GC(115)   Pre Evacuate Collection Set: 0.20ms
[2026-03-14T22:24:14.995+0800] GC(115)   Merge Heap Roots: 0.16ms
[2026-03-14T22:24:14.995+0800] GC(115)   Evacuate Collection Set: 1.02ms
[2026-03-14T22:24:14.995+0800] GC(115)   Post Evacuate Collection Set: 0.39ms
[2026-03-14T22:24:14.995+0800] GC(115)   Other: 0.12ms
[2026-03-14T22:24:14.995+0800] GC(115) Eden regions: 306->0(306)
[2026-03-14T22:24:14.995+0800] GC(115) Survivor regions: 1->1(39)
[2026-03-14T22:24:14.995+0800] GC(115) Old regions: 10->10
[2026-03-14T22:24:14.995+0800] GC(115) Humongous regions: 100->100
[2026-03-14T22:24:14.995+0800] GC(115) Metaspace: 9679K(9856K)->9679K(9856K) NonClass: 8919K(9024K)->8919K(9024K) Class: 759K(832K)->759K(832K)
[2026-03-14T22:24:14.995+0800] GC(115) Pause Young (Normal) (G1 Evacuation Pause) 414M->108M(512M) 2.259ms
[2026-03-14T22:24:14.995+0800] GC(115) User=0.00s Sys=0.00s Real=0.00s
[2026-03-14T22:24:25.197+0800] GC(116) Pause Young (Normal) (G1 Evacuation Pause)
[2026-03-14T22:24:25.197+0800] GC(116) Using 9 workers of 9 for evacuation
[2026-03-14T22:24:25.197+0800] GC(116)   Pre Evacuate Collection Set: 0.10ms
[2026-03-14T22:24:25.197+0800] GC(116)   Merge Heap Roots: 0.07ms
[2026-03-14T22:24:25.197+0800] GC(116)   Evacuate Collection Set: 0.26ms
[2026-03-14T22:24:25.197+0800] GC(116)   Post Evacuate Collection Set: 0.24ms
[2026-03-14T22:24:25.197+0800] GC(116)   Other: 0.06ms
[2026-03-14T22:24:25.197+0800] GC(116) Eden regions: 306->0(306)
[2026-03-14T22:24:25.197+0800] GC(116) Survivor regions: 1->1(39)
[2026-03-14T22:24:25.197+0800] GC(116) Old regions: 10->10
[2026-03-14T22:24:25.197+0800] GC(116) Humongous regions: 100->100
[2026-03-14T22:24:25.197+0800] GC(116) Metaspace: 9679K(9856K)->9679K(9856K) NonClass: 8919K(9024K)->8919K(9024K) Class: 759K(832K)->759K(832K)
[2026-03-14T22:24:25.198+0800] GC(116) Pause Young (Normal) (G1 Evacuation Pause) 414M->108M(512M) 0.874ms
[2026-03-14T22:24:25.198+0800] GC(116) User=0.00s Sys=0.00s Real=0.00s
[2026-03-14T22:24:35.391+0800] GC(117) Pause Young (Normal) (G1 Evacuation Pause)
[2026-03-14T22:24:35.391+0800] GC(117) Using 9 workers of 9 for evacuation
[2026-03-14T22:24:35.393+0800] GC(117)   Pre Evacuate Collection Set: 0.18ms
[2026-03-14T22:24:35.393+0800] GC(117)   Merge Heap Roots: 0.17ms
[2026-03-14T22:24:35.393+0800] GC(117)   Evacuate Collection Set: 1.11ms
[2026-03-14T22:24:35.393+0800] GC(117)   Post Evacuate Collection Set: 0.41ms
[2026-03-14T22:24:35.393+0800] GC(117)   Other: 0.12ms
[2026-03-14T22:24:35.393+0800] GC(117) Eden regions: 306->0(306)
[2026-03-14T22:24:35.393+0800] GC(117) Survivor regions: 1->1(39)
[2026-03-14T22:24:35.393+0800] GC(117) Old regions: 10->10
[2026-03-14T22:24:35.393+0800] GC(117) Humongous regions: 100->100
[2026-03-14T22:24:35.393+0800] GC(117) Metaspace: 9679K(9856K)->9679K(9856K) NonClass: 8919K(9024K)->8919K(9024K) Class: 759K(832K)->759K(832K)
[2026-03-14T22:24:35.393+0800] GC(117) Pause Young (Normal) (G1 Evacuation Pause) 414M->108M(512M) 2.353ms
[2026-03-14T22:24:35.393+0800] GC(117) User=0.00s Sys=0.00s Real=0.00s
[2026-03-14T22:24:45.596+0800] GC(118) Pause Young (Normal) (G1 Evacuation Pause)
[2026-03-14T22:24:45.596+0800] GC(118) Using 9 workers of 9 for evacuation
[2026-03-14T22:24:45.597+0800] GC(118)   Pre Evacuate Collection Set: 0.21ms
[2026-03-14T22:24:45.597+0800] GC(118)   Merge Heap Roots: 0.09ms
[2026-03-14T22:24:45.597+0800] GC(118)   Evacuate Collection Set: 0.38ms
[2026-03-14T22:24:45.597+0800] GC(118)   Post Evacuate Collection Set: 0.34ms
[2026-03-14T22:24:45.597+0800] GC(118)   Other: 0.10ms
[2026-03-14T22:24:45.597+0800] GC(118) Eden regions: 306->0(306)
[2026-03-14T22:24:45.597+0800] GC(118) Survivor regions: 1->1(39)
[2026-03-14T22:24:45.597+0800] GC(118) Old regions: 10->10
[2026-03-14T22:24:45.597+0800] GC(118) Humongous regions: 100->100
[2026-03-14T22:24:45.597+0800] GC(118) Metaspace: 9679K(9856K)->9679K(9856K) NonClass: 8919K(9024K)->8919K(9024K) Class: 759K(832K)->759K(832K)
[2026-03-14T22:24:45.597+0800] GC(118) Pause Young (Normal) (G1 Evacuation Pause) 414M->108M(512M) 1.335ms
[2026-03-14T22:24:45.597+0800] GC(118) User=0.00s Sys=0.00s Real=0.00s
[2026-03-14T22:24:55.803+0800] GC(119) Pause Young (Normal) (G1 Evacuation Pause)
[2026-03-14T22:24:55.803+0800] GC(119) Using 9 workers of 9 for evacuation
[2026-03-14T22:24:55.806+0800] GC(119)   Pre Evacuate Collection Set: 0.44ms
[2026-03-14T22:24:55.806+0800] GC(119)   Merge Heap Roots: 0.15ms
[2026-03-14T22:24:55.806+0800] GC(119)   Evacuate Collection Set: 1.52ms
[2026-03-14T22:24:55.806+0800] GC(119)   Post Evacuate Collection Set: 0.29ms
[2026-03-14T22:24:55.806+0800] GC(119)   Other: 0.14ms
[2026-03-14T22:24:55.806+0800] GC(119) Eden regions: 306->0(306)
[2026-03-14T22:24:55.806+0800] GC(119) Survivor regions: 1->1(39)
[2026-03-14T22:24:55.806+0800] GC(119) Old regions: 10->10
[2026-03-14T22:24:55.806+0800] GC(119) Humongous regions: 100->100
[2026-03-14T22:24:55.806+0800] GC(119) Metaspace: 9679K(9856K)->9679K(9856K) NonClass: 8919K(9024K)->8919K(9024K) Class: 759K(832K)->759K(832K)
[2026-03-14T22:24:55.806+0800] GC(119) Pause Young (Normal) (G1 Evacuation Pause) 414M->108M(512M) 2.832ms
[2026-03-14T22:24:55.806+0800] GC(119) User=0.00s Sys=0.00s Real=0.00s
[2026-03-14T22:25:05.990+0800] GC(120) Pause Young (Normal) (G1 Evacuation Pause)
[2026-03-14T22:25:05.990+0800] GC(120) Using 9 workers of 9 for evacuation
[2026-03-14T22:25:05.992+0800] GC(120)   Pre Evacuate Collection Set: 0.18ms
[2026-03-14T22:25:05.992+0800] GC(120)   Merge Heap Roots: 0.16ms
[2026-03-14T22:25:05.992+0800] GC(120)   Evacuate Collection Set: 1.14ms
[2026-03-14T22:25:05.992+0800] GC(120)   Post Evacuate Collection Set: 0.42ms
[2026-03-14T22:25:05.992+0800] GC(120)   Other: 0.12ms
[2026-03-14T22:25:05.992+0800] GC(120) Eden regions: 306->0(306)
[2026-03-14T22:25:05.992+0800] GC(120) Survivor regions: 1->1(39)
[2026-03-14T22:25:05.992+0800] GC(120) Old regions: 10->10
[2026-03-14T22:25:05.992+0800] GC(120) Humongous regions: 100->100
[2026-03-14T22:25:05.992+0800] GC(120) Metaspace: 9679K(9856K)->9679K(9856K) NonClass: 8919K(9024K)->8919K(9024K) Class: 759K(832K)->759K(832K)
[2026-03-14T22:25:05.992+0800] GC(120) Pause Young (Normal) (G1 Evacuation Pause) 414M->108M(512M) 2.478ms
[2026-03-14T22:25:05.993+0800] GC(120) User=0.01s Sys=0.00s Real=0.00s
[2026-03-14T22:25:16.183+0800] GC(121) Pause Young (Normal) (G1 Evacuation Pause)
[2026-03-14T22:25:16.183+0800] GC(121) Using 9 workers of 9 for evacuation
[2026-03-14T22:25:16.185+0800] GC(121)   Pre Evacuate Collection Set: 0.17ms
[2026-03-14T22:25:16.185+0800] GC(121)   Merge Heap Roots: 0.15ms
[2026-03-14T22:25:16.185+0800] GC(121)   Evacuate Collection Set: 0.80ms
[2026-03-14T22:25:16.185+0800] GC(121)   Post Evacuate Collection Set: 0.61ms
[2026-03-14T22:25:16.186+0800] GC(121)   Other: 0.15ms
[2026-03-14T22:25:16.186+0800] GC(121) Eden regions: 306->0(306)
[2026-03-14T22:25:16.186+0800] GC(121) Survivor regions: 1->1(39)
[2026-03-14T22:25:16.186+0800] GC(121) Old regions: 10->10
[2026-03-14T22:25:16.186+0800] GC(121) Humongous regions: 100->100
[2026-03-14T22:25:16.186+0800] GC(121) Metaspace: 9679K(9856K)->9679K(9856K) NonClass: 8919K(9024K)->8919K(9024K) Class: 759K(832K)->759K(832K)
[2026-03-14T22:25:16.186+0800] GC(121) Pause Young (Normal) (G1 Evacuation Pause) 414M->108M(512M) 2.340ms
[2026-03-14T22:25:16.186+0800] GC(121) User=0.00s Sys=0.00s Real=0.00s
[2026-03-14T22:25:26.394+0800] GC(122) Pause Young (Normal) (G1 Evacuation Pause)
[2026-03-14T22:25:26.394+0800] GC(122) Using 9 workers of 9 for evacuation
[2026-03-14T22:25:26.395+0800] GC(122)   Pre Evacuate Collection Set: 0.13ms
[2026-03-14T22:25:26.395+0800] GC(122)   Merge Heap Roots: 0.09ms
[2026-03-14T22:25:26.395+0800] GC(122)   Evacuate Collection Set: 0.25ms
[2026-03-14T22:25:26.395+0800] GC(122)   Post Evacuate Collection Set: 0.25ms
[2026-03-14T22:25:26.395+0800] GC(122)   Other: 0.05ms
[2026-03-14T22:25:26.395+0800] GC(122) Eden regions: 306->0(306)
[2026-03-14T22:25:26.395+0800] GC(122) Survivor regions: 1->1(39)
[2026-03-14T22:25:26.395+0800] GC(122) Old regions: 10->10
[2026-03-14T22:25:26.395+0800] GC(122) Humongous regions: 100->100
[2026-03-14T22:25:26.395+0800] GC(122) Metaspace: 9679K(9856K)->9679K(9856K) NonClass: 8919K(9024K)->8919K(9024K) Class: 759K(832K)->759K(832K)
[2026-03-14T22:25:26.395+0800] GC(122) Pause Young (Normal) (G1 Evacuation Pause) 414M->108M(512M) 0.913ms
[2026-03-14T22:25:26.395+0800] GC(122) User=0.00s Sys=0.00s Real=0.00s
[2026-03-14T22:25:36.607+0800] GC(123) Pause Young (Normal) (G1 Evacuation Pause)
[2026-03-14T22:25:36.607+0800] GC(123) Using 9 workers of 9 for evacuation
[2026-03-14T22:25:36.607+0800] GC(123)   Pre Evacuate Collection Set: 0.09ms
[2026-03-14T22:25:36.607+0800] GC(123)   Merge Heap Roots: 0.09ms
[2026-03-14T22:25:36.607+0800] GC(123)   Evacuate Collection Set: 0.24ms
[2026-03-14T22:25:36.607+0800] GC(123)   Post Evacuate Collection Set: 0.22ms
[2026-03-14T22:25:36.607+0800] GC(123)   Other: 0.05ms
[2026-03-14T22:25:36.607+0800] GC(123) Eden regions: 306->0(306)
[2026-03-14T22:25:36.607+0800] GC(123) Survivor regions: 1->1(39)
[2026-03-14T22:25:36.607+0800] GC(123) Old regions: 10->10
[2026-03-14T22:25:36.607+0800] GC(123) Humongous regions: 100->100
[2026-03-14T22:25:36.607+0800] GC(123) Metaspace: 9679K(9856K)->9679K(9856K) NonClass: 8919K(9024K)->8919K(9024K) Class: 759K(832K)->759K(832K)
[2026-03-14T22:25:36.607+0800] GC(123) Pause Young (Normal) (G1 Evacuation Pause) 414M->108M(512M) 0.811ms
[2026-03-14T22:25:36.607+0800] GC(123) User=0.00s Sys=0.00s Real=0.00s
[2026-03-14T22:25:46.799+0800] GC(124) Pause Young (Normal) (G1 Evacuation Pause)
[2026-03-14T22:25:46.799+0800] GC(124) Using 9 workers of 9 for evacuation
[2026-03-14T22:25:46.800+0800] GC(124)   Pre Evacuate Collection Set: 0.18ms
[2026-03-14T22:25:46.801+0800] GC(124)   Merge Heap Roots: 0.11ms
[2026-03-14T22:25:46.801+0800] GC(124)   Evacuate Collection Set: 0.44ms
[2026-03-14T22:25:46.801+0800] GC(124)   Post Evacuate Collection Set: 0.34ms
[2026-03-14T22:25:46.801+0800] GC(124)   Other: 0.11ms
[2026-03-14T22:25:46.801+0800] GC(124) Eden regions: 306->0(306)
[2026-03-14T22:25:46.801+0800] GC(124) Survivor regions: 1->1(39)
[2026-03-14T22:25:46.801+0800] GC(124) Old regions: 10->10
[2026-03-14T22:25:46.801+0800] GC(124) Humongous regions: 100->100
[2026-03-14T22:25:46.801+0800] GC(124) Metaspace: 9679K(9856K)->9679K(9856K) NonClass: 8919K(9024K)->8919K(9024K) Class: 759K(832K)->759K(832K)
[2026-03-14T22:25:46.801+0800] GC(124) Pause Young (Normal) (G1 Evacuation Pause) 414M->108M(512M) 1.490ms
[2026-03-14T22:25:46.801+0800] GC(124) User=0.00s Sys=0.00s Real=0.01s
[2026-03-14T22:25:56.999+0800] GC(125) Pause Young (Normal) (G1 Evacuation Pause)
[2026-03-14T22:25:56.999+0800] GC(125) Using 9 workers of 9 for evacuation
[2026-03-14T22:25:57.000+0800] GC(125)   Pre Evacuate Collection Set: 0.15ms
[2026-03-14T22:25:57.000+0800] GC(125)   Merge Heap Roots: 0.15ms
[2026-03-14T22:25:57.000+0800] GC(125)   Evacuate Collection Set: 0.32ms
[2026-03-14T22:25:57.000+0800] GC(125)   Post Evacuate Collection Set: 0.28ms
[2026-03-14T22:25:57.000+0800] GC(125)   Other: 0.08ms
[2026-03-14T22:25:57.000+0800] GC(125) Eden regions: 306->0(306)
[2026-03-14T22:25:57.000+0800] GC(125) Survivor regions: 1->1(39)
[2026-03-14T22:25:57.000+0800] GC(125) Old regions: 10->10
[2026-03-14T22:25:57.000+0800] GC(125) Humongous regions: 100->100
[2026-03-14T22:25:57.000+0800] GC(125) Metaspace: 9679K(9856K)->9679K(9856K) NonClass: 8919K(9024K)->8919K(9024K) Class: 759K(832K)->759K(832K)
[2026-03-14T22:25:57.000+0800] GC(125) Pause Young (Normal) (G1 Evacuation Pause) 414M->108M(512M) 1.185ms
[2026-03-14T22:25:57.000+0800] GC(125) User=0.01s Sys=0.00s Real=0.01s
[2026-03-14T22:26:07.187+0800] GC(126) Pause Young (Normal) (G1 Evacuation Pause)
[2026-03-14T22:26:07.187+0800] GC(126) Using 9 workers of 9 for evacuation
[2026-03-14T22:26:07.188+0800] GC(126)   Pre Evacuate Collection Set: 0.09ms
[2026-03-14T22:26:07.188+0800] GC(126)   Merge Heap Roots: 0.05ms
[2026-03-14T22:26:07.188+0800] GC(126)   Evacuate Collection Set: 0.24ms
[2026-03-14T22:26:07.188+0800] GC(126)   Post Evacuate Collection Set: 0.24ms
[2026-03-14T22:26:07.188+0800] GC(126)   Other: 0.07ms
[2026-03-14T22:26:07.188+0800] GC(126) Eden regions: 306->0(306)
[2026-03-14T22:26:07.188+0800] GC(126) Survivor regions: 1->1(39)
[2026-03-14T22:26:07.188+0800] GC(126) Old regions: 10->10
[2026-03-14T22:26:07.188+0800] GC(126) Humongous regions: 100->100
[2026-03-14T22:26:07.188+0800] GC(126) Metaspace: 9679K(9856K)->9679K(9856K) NonClass: 8919K(9024K)->8919K(9024K) Class: 759K(832K)->759K(832K)
[2026-03-14T22:26:07.188+0800] GC(126) Pause Young (Normal) (G1 Evacuation Pause) 414M->108M(512M) 0.820ms
[2026-03-14T22:26:07.188+0800] GC(126) User=0.01s Sys=0.00s Real=0.00s
[2026-03-14T22:26:17.387+0800] GC(127) Pause Young (Normal) (G1 Evacuation Pause)
[2026-03-14T22:26:17.387+0800] GC(127) Using 9 workers of 9 for evacuation
[2026-03-14T22:26:17.388+0800] GC(127)   Pre Evacuate Collection Set: 0.11ms
[2026-03-14T22:26:17.388+0800] GC(127)   Merge Heap Roots: 0.07ms
[2026-03-14T22:26:17.388+0800] GC(127)   Evacuate Collection Set: 0.23ms
[2026-03-14T22:26:17.388+0800] GC(127)   Post Evacuate Collection Set: 0.21ms
[2026-03-14T22:26:17.388+0800] GC(127)   Other: 0.05ms
[2026-03-14T22:26:17.388+0800] GC(127) Eden regions: 306->0(306)
[2026-03-14T22:26:17.388+0800] GC(127) Survivor regions: 1->1(39)
[2026-03-14T22:26:17.388+0800] GC(127) Old regions: 10->10
[2026-03-14T22:26:17.388+0800] GC(127) Humongous regions: 100->100
[2026-03-14T22:26:17.388+0800] GC(127) Metaspace: 9679K(9856K)->9679K(9856K) NonClass: 8919K(9024K)->8919K(9024K) Class: 759K(832K)->759K(832K)
[2026-03-14T22:26:17.388+0800] GC(127) Pause Young (Normal) (G1 Evacuation Pause) 414M->108M(512M) 0.804ms
[2026-03-14T22:26:17.388+0800] GC(127) User=0.00s Sys=0.01s Real=0.00s
[2026-03-14T22:26:27.590+0800] GC(128) Pause Young (Normal) (G1 Evacuation Pause)
[2026-03-14T22:26:27.590+0800] GC(128) Using 9 workers of 9 for evacuation
[2026-03-14T22:26:27.591+0800] GC(128)   Pre Evacuate Collection Set: 0.13ms
[2026-03-14T22:26:27.591+0800] GC(128)   Merge Heap Roots: 0.06ms
[2026-03-14T22:26:27.591+0800] GC(128)   Evacuate Collection Set: 0.32ms
[2026-03-14T22:26:27.591+0800] GC(128)   Post Evacuate Collection Set: 0.22ms
[2026-03-14T22:26:27.591+0800] GC(128)   Other: 0.05ms
[2026-03-14T22:26:27.591+0800] GC(128) Eden regions: 306->0(306)
[2026-03-14T22:26:27.591+0800] GC(128) Survivor regions: 1->1(39)
[2026-03-14T22:26:27.591+0800] GC(128) Old regions: 10->10
[2026-03-14T22:26:27.591+0800] GC(128) Humongous regions: 100->100
[2026-03-14T22:26:27.591+0800] GC(128) Metaspace: 9679K(9856K)->9679K(9856K) NonClass: 8919K(9024K)->8919K(9024K) Class: 759K(832K)->759K(832K)
[2026-03-14T22:26:27.591+0800] GC(128) Pause Young (Normal) (G1 Evacuation Pause) 414M->108M(512M) 0.898ms
[2026-03-14T22:26:27.591+0800] GC(128) User=0.01s Sys=0.01s Real=0.00s
[2026-03-14T22:26:37.797+0800] GC(129) Pause Young (Normal) (G1 Evacuation Pause)
[2026-03-14T22:26:37.798+0800] GC(129) Using 9 workers of 9 for evacuation
[2026-03-14T22:26:37.799+0800] GC(129)   Pre Evacuate Collection Set: 0.24ms
[2026-03-14T22:26:37.799+0800] GC(129)   Merge Heap Roots: 0.27ms
[2026-03-14T22:26:37.799+0800] GC(129)   Evacuate Collection Set: 0.59ms
[2026-03-14T22:26:37.799+0800] GC(129)   Post Evacuate Collection Set: 0.49ms
[2026-03-14T22:26:37.799+0800] GC(129)   Other: 0.13ms
[2026-03-14T22:26:37.799+0800] GC(129) Eden regions: 306->0(306)
[2026-03-14T22:26:37.799+0800] GC(129) Survivor regions: 1->1(39)
[2026-03-14T22:26:37.799+0800] GC(129) Old regions: 10->10
[2026-03-14T22:26:37.799+0800] GC(129) Humongous regions: 100->100
[2026-03-14T22:26:37.799+0800] GC(129) Metaspace: 9679K(9856K)->9679K(9856K) NonClass: 8919K(9024K)->8919K(9024K) Class: 759K(832K)->759K(832K)
[2026-03-14T22:26:37.799+0800] GC(129) Pause Young (Normal) (G1 Evacuation Pause) 414M->108M(512M) 2.008ms
[2026-03-14T22:26:37.799+0800] GC(129) User=0.00s Sys=0.00s Real=0.00s
[2026-03-14T22:26:47.976+0800] GC(130) Pause Young (Normal) (G1 Evacuation Pause)
[2026-03-14T22:26:47.976+0800] GC(130) Using 9 workers of 9 for evacuation
[2026-03-14T22:26:47.977+0800] GC(130)   Pre Evacuate Collection Set: 0.15ms
[2026-03-14T22:26:47.977+0800] GC(130)   Merge Heap Roots: 0.17ms
[2026-03-14T22:26:47.977+0800] GC(130)   Evacuate Collection Set: 0.37ms
[2026-03-14T22:26:47.977+0800] GC(130)   Post Evacuate Collection Set: 0.39ms
[2026-03-14T22:26:47.977+0800] GC(130)   Other: 0.11ms
[2026-03-14T22:26:47.977+0800] GC(130) Eden regions: 306->0(306)
[2026-03-14T22:26:47.977+0800] GC(130) Survivor regions: 1->1(39)
[2026-03-14T22:26:47.977+0800] GC(130) Old regions: 10->10
[2026-03-14T22:26:47.977+0800] GC(130) Humongous regions: 100->100
[2026-03-14T22:26:47.977+0800] GC(130) Metaspace: 9679K(9856K)->9679K(9856K) NonClass: 8919K(9024K)->8919K(9024K) Class: 759K(832K)->759K(832K)
[2026-03-14T22:26:47.977+0800] GC(130) Pause Young (Normal) (G1 Evacuation Pause) 414M->108M(512M) 1.389ms
[2026-03-14T22:26:47.977+0800] GC(130) User=0.01s Sys=0.01s Real=0.00s
[2026-03-14T22:26:58.171+0800] GC(131) Pause Young (Normal) (G1 Evacuation Pause)
[2026-03-14T22:26:58.172+0800] GC(131) Using 9 workers of 9 for evacuation
[2026-03-14T22:26:58.172+0800] GC(131)   Pre Evacuate Collection Set: 0.16ms
[2026-03-14T22:26:58.172+0800] GC(131)   Merge Heap Roots: 0.14ms
[2026-03-14T22:26:58.173+0800] GC(131)   Evacuate Collection Set: 0.28ms
[2026-03-14T22:26:58.173+0800] GC(131)   Post Evacuate Collection Set: 0.26ms
[2026-03-14T22:26:58.173+0800] GC(131)   Other: 0.10ms
[2026-03-14T22:26:58.173+0800] GC(131) Eden regions: 306->0(306)
[2026-03-14T22:26:58.173+0800] GC(131) Survivor regions: 1->1(39)
[2026-03-14T22:26:58.173+0800] GC(131) Old regions: 10->10
[2026-03-14T22:26:58.173+0800] GC(131) Humongous regions: 100->100
[2026-03-14T22:26:58.173+0800] GC(131) Metaspace: 9679K(9856K)->9679K(9856K) NonClass: 8919K(9024K)->8919K(9024K) Class: 759K(832K)->759K(832K)
[2026-03-14T22:26:58.173+0800] GC(131) Pause Young (Normal) (G1 Evacuation Pause) 414M->108M(512M) 1.151ms
[2026-03-14T22:26:58.173+0800] GC(131) User=0.00s Sys=0.00s Real=0.00s
[2026-03-14T22:27:08.346+0800] GC(132) Pause Young (Normal) (G1 Evacuation Pause)
[2026-03-14T22:27:08.346+0800] GC(132) Using 9 workers of 9 for evacuation
[2026-03-14T22:27:08.347+0800] GC(132)   Pre Evacuate Collection Set: 0.21ms
[2026-03-14T22:27:08.347+0800] GC(132)   Merge Heap Roots: 0.15ms
[2026-03-14T22:27:08.347+0800] GC(132)   Evacuate Collection Set: 0.37ms
[2026-03-14T22:27:08.347+0800] GC(132)   Post Evacuate Collection Set: 0.36ms
[2026-03-14T22:27:08.347+0800] GC(132)   Other: 0.11ms
[2026-03-14T22:27:08.347+0800] GC(132) Eden regions: 306->0(306)
[2026-03-14T22:27:08.347+0800] GC(132) Survivor regions: 1->1(39)
[2026-03-14T22:27:08.347+0800] GC(132) Old regions: 10->10
[2026-03-14T22:27:08.347+0800] GC(132) Humongous regions: 100->100
[2026-03-14T22:27:08.347+0800] GC(132) Metaspace: 9679K(9856K)->9679K(9856K) NonClass: 8919K(9024K)->8919K(9024K) Class: 759K(832K)->759K(832K)
[2026-03-14T22:27:08.347+0800] GC(132) Pause Young (Normal) (G1 Evacuation Pause) 414M->108M(512M) 1.394ms
[2026-03-14T22:27:08.347+0800] GC(132) User=0.01s Sys=0.01s Real=0.00s
[2026-03-14T22:27:18.539+0800] GC(133) Pause Young (Normal) (G1 Evacuation Pause)
[2026-03-14T22:27:18.539+0800] GC(133) Using 9 workers of 9 for evacuation
[2026-03-14T22:27:18.540+0800] GC(133)   Pre Evacuate Collection Set: 0.11ms
[2026-03-14T22:27:18.540+0800] GC(133)   Merge Heap Roots: 0.06ms
[2026-03-14T22:27:18.540+0800] GC(133)   Evacuate Collection Set: 0.21ms
[2026-03-14T22:27:18.540+0800] GC(133)   Post Evacuate Collection Set: 0.22ms
[2026-03-14T22:27:18.540+0800] GC(133)   Other: 0.05ms
[2026-03-14T22:27:18.540+0800] GC(133) Eden regions: 306->0(306)
[2026-03-14T22:27:18.540+0800] GC(133) Survivor regions: 1->1(39)
[2026-03-14T22:27:18.540+0800] GC(133) Old regions: 10->10
[2026-03-14T22:27:18.540+0800] GC(133) Humongous regions: 100->100
[2026-03-14T22:27:18.540+0800] GC(133) Metaspace: 9679K(9856K)->9679K(9856K) NonClass: 8919K(9024K)->8919K(9024K) Class: 759K(832K)->759K(832K)
[2026-03-14T22:27:18.540+0800] GC(133) Pause Young (Normal) (G1 Evacuation Pause) 414M->108M(512M) 0.810ms
[2026-03-14T22:27:18.540+0800] GC(133) User=0.00s Sys=0.00s Real=0.01s
[2026-03-14T22:27:28.746+0800] GC(134) Pause Young (Normal) (G1 Evacuation Pause)
[2026-03-14T22:27:28.746+0800] GC(134) Using 9 workers of 9 for evacuation
[2026-03-14T22:27:28.747+0800] GC(134)   Pre Evacuate Collection Set: 0.28ms
[2026-03-14T22:27:28.747+0800] GC(134)   Merge Heap Roots: 0.21ms
[2026-03-14T22:27:28.747+0800] GC(134)   Evacuate Collection Set: 0.41ms
[2026-03-14T22:27:28.747+0800] GC(134)   Post Evacuate Collection Set: 0.46ms
[2026-03-14T22:27:28.748+0800] GC(134)   Other: 0.13ms
[2026-03-14T22:27:28.748+0800] GC(134) Eden regions: 306->0(306)
[2026-03-14T22:27:28.748+0800] GC(134) Survivor regions: 1->1(39)
[2026-03-14T22:27:28.748+0800] GC(134) Old regions: 10->10
[2026-03-14T22:27:28.748+0800] GC(134) Humongous regions: 100->100
[2026-03-14T22:27:28.748+0800] GC(134) Metaspace: 9679K(9856K)->9679K(9856K) NonClass: 8919K(9024K)->8919K(9024K) Class: 759K(832K)->759K(832K)
[2026-03-14T22:27:28.748+0800] GC(134) Pause Young (Normal) (G1 Evacuation Pause) 414M->108M(512M) 1.853ms
[2026-03-14T22:27:28.748+0800] GC(134) User=0.00s Sys=0.00s Real=0.00s
[2026-03-14T22:27:38.945+0800] GC(135) Pause Young (Normal) (G1 Evacuation Pause)
[2026-03-14T22:27:38.945+0800] GC(135) Using 9 workers of 9 for evacuation
[2026-03-14T22:27:38.947+0800] GC(135)   Pre Evacuate Collection Set: 0.21ms
[2026-03-14T22:27:38.947+0800] GC(135)   Merge Heap Roots: 0.17ms
[2026-03-14T22:27:38.947+0800] GC(135)   Evacuate Collection Set: 0.50ms
[2026-03-14T22:27:38.947+0800] GC(135)   Post Evacuate Collection Set: 0.49ms
[2026-03-14T22:27:38.947+0800] GC(135)   Other: 0.14ms
[2026-03-14T22:27:38.947+0800] GC(135) Eden regions: 306->0(306)
[2026-03-14T22:27:38.947+0800] GC(135) Survivor regions: 1->1(39)
[2026-03-14T22:27:38.947+0800] GC(135) Old regions: 10->10
[2026-03-14T22:27:38.947+0800] GC(135) Humongous regions: 100->100
[2026-03-14T22:27:38.947+0800] GC(135) Metaspace: 9679K(9856K)->9679K(9856K) NonClass: 8919K(9024K)->8919K(9024K) Class: 759K(832K)->759K(832K)
[2026-03-14T22:27:38.947+0800] GC(135) Pause Young (Normal) (G1 Evacuation Pause) 414M->108M(512M) 1.822ms
[2026-03-14T22:27:38.947+0800] GC(135) User=0.00s Sys=0.00s Real=0.00s
[2026-03-14T22:27:49.127+0800] GC(136) Pause Young (Normal) (G1 Evacuation Pause)
[2026-03-14T22:27:49.127+0800] GC(136) Using 9 workers of 9 for evacuation
[2026-03-14T22:27:49.128+0800] GC(136)   Pre Evacuate Collection Set: 0.15ms
[2026-03-14T22:27:49.128+0800] GC(136)   Merge Heap Roots: 0.17ms
[2026-03-14T22:27:49.128+0800] GC(136)   Evacuate Collection Set: 0.34ms
[2026-03-14T22:27:49.128+0800] GC(136)   Post Evacuate Collection Set: 0.29ms
[2026-03-14T22:27:49.128+0800] GC(136)   Other: 0.09ms
[2026-03-14T22:27:49.128+0800] GC(136) Eden regions: 306->0(306)
[2026-03-14T22:27:49.128+0800] GC(136) Survivor regions: 1->1(39)
[2026-03-14T22:27:49.128+0800] GC(136) Old regions: 10->10
[2026-03-14T22:27:49.128+0800] GC(136) Humongous regions: 100->100
[2026-03-14T22:27:49.128+0800] GC(136) Metaspace: 9679K(9856K)->9679K(9856K) NonClass: 8919K(9024K)->8919K(9024K) Class: 759K(832K)->759K(832K)
[2026-03-14T22:27:49.128+0800] GC(136) Pause Young (Normal) (G1 Evacuation Pause) 414M->108M(512M) 1.293ms
[2026-03-14T22:27:49.128+0800] GC(136) User=0.01s Sys=0.00s Real=0.00s
[2026-03-14T22:27:59.332+0800] GC(137) Pause Young (Normal) (G1 Evacuation Pause)
[2026-03-14T22:27:59.332+0800] GC(137) Using 9 workers of 9 for evacuation
[2026-03-14T22:27:59.333+0800] GC(137)   Pre Evacuate Collection Set: 0.14ms
[2026-03-14T22:27:59.333+0800] GC(137)   Merge Heap Roots: 0.16ms
[2026-03-14T22:27:59.333+0800] GC(137)   Evacuate Collection Set: 0.37ms
[2026-03-14T22:27:59.333+0800] GC(137)   Post Evacuate Collection Set: 0.38ms
[2026-03-14T22:27:59.333+0800] GC(137)   Other: 0.11ms
[2026-03-14T22:27:59.333+0800] GC(137) Eden regions: 306->0(306)
[2026-03-14T22:27:59.333+0800] GC(137) Survivor regions: 1->1(39)
[2026-03-14T22:27:59.333+0800] GC(137) Old regions: 10->10
[2026-03-14T22:27:59.333+0800] GC(137) Humongous regions: 100->100
[2026-03-14T22:27:59.333+0800] GC(137) Metaspace: 9679K(9856K)->9679K(9856K) NonClass: 8919K(9024K)->8919K(9024K) Class: 759K(832K)->759K(832K)
[2026-03-14T22:27:59.333+0800] GC(137) Pause Young (Normal) (G1 Evacuation Pause) 414M->108M(512M) 1.444ms
[2026-03-14T22:27:59.333+0800] GC(137) User=0.01s Sys=0.00s Real=0.00s
[2026-03-14T22:28:09.504+0800] GC(138) Pause Young (Normal) (G1 Evacuation Pause)
[2026-03-14T22:28:09.504+0800] GC(138) Using 9 workers of 9 for evacuation
[2026-03-14T22:28:09.506+0800] GC(138)   Pre Evacuate Collection Set: 0.21ms
[2026-03-14T22:28:09.506+0800] GC(138)   Merge Heap Roots: 0.15ms
[2026-03-14T22:28:09.506+0800] GC(138)   Evacuate Collection Set: 0.86ms
[2026-03-14T22:28:09.506+0800] GC(138)   Post Evacuate Collection Set: 0.61ms
[2026-03-14T22:28:09.506+0800] GC(138)   Other: 0.13ms
[2026-03-14T22:28:09.506+0800] GC(138) Eden regions: 306->0(306)
[2026-03-14T22:28:09.506+0800] GC(138) Survivor regions: 1->1(39)
[2026-03-14T22:28:09.506+0800] GC(138) Old regions: 10->10
[2026-03-14T22:28:09.506+0800] GC(138) Humongous regions: 100->100
[2026-03-14T22:28:09.506+0800] GC(138) Metaspace: 9679K(9856K)->9679K(9856K) NonClass: 8919K(9024K)->8919K(9024K) Class: 759K(832K)->759K(832K)
[2026-03-14T22:28:09.506+0800] GC(138) Pause Young (Normal) (G1 Evacuation Pause) 414M->108M(512M) 2.339ms
[2026-03-14T22:28:09.506+0800] GC(138) User=0.00s Sys=0.00s Real=0.00s
[2026-03-14T22:28:19.708+0800] GC(139) Pause Young (Normal) (G1 Evacuation Pause)
[2026-03-14T22:28:19.708+0800] GC(139) Using 9 workers of 9 for evacuation
[2026-03-14T22:28:19.709+0800] GC(139)   Pre Evacuate Collection Set: 0.15ms
[2026-03-14T22:28:19.709+0800] GC(139)   Merge Heap Roots: 0.10ms
[2026-03-14T22:28:19.709+0800] GC(139)   Evacuate Collection Set: 0.36ms
[2026-03-14T22:28:19.709+0800] GC(139)   Post Evacuate Collection Set: 0.35ms
[2026-03-14T22:28:19.709+0800] GC(139)   Other: 0.11ms
[2026-03-14T22:28:19.709+0800] GC(139) Eden regions: 306->0(306)
[2026-03-14T22:28:19.709+0800] GC(139) Survivor regions: 1->1(39)
[2026-03-14T22:28:19.709+0800] GC(139) Old regions: 10->10
[2026-03-14T22:28:19.709+0800] GC(139) Humongous regions: 100->100
[2026-03-14T22:28:19.709+0800] GC(139) Metaspace: 9679K(9856K)->9679K(9856K) NonClass: 8919K(9024K)->8919K(9024K) Class: 759K(832K)->759K(832K)
[2026-03-14T22:28:19.709+0800] GC(139) Pause Young (Normal) (G1 Evacuation Pause) 414M->108M(512M) 1.293ms
[2026-03-14T22:28:19.709+0800] GC(139) User=0.00s Sys=0.00s Real=0.00s
[2026-03-14T22:28:29.913+0800] GC(140) Pause Young (Normal) (G1 Evacuation Pause)
[2026-03-14T22:28:29.913+0800] GC(140) Using 9 workers of 9 for evacuation
[2026-03-14T22:28:29.914+0800] GC(140)   Pre Evacuate Collection Set: 0.21ms
[2026-03-14T22:28:29.914+0800] GC(140)   Merge Heap Roots: 0.10ms
[2026-03-14T22:28:29.914+0800] GC(140)   Evacuate Collection Set: 0.34ms
[2026-03-14T22:28:29.914+0800] GC(140)   Post Evacuate Collection Set: 0.33ms
[2026-03-14T22:28:29.914+0800] GC(140)   Other: 0.09ms
[2026-03-14T22:28:29.914+0800] GC(140) Eden regions: 306->0(306)
[2026-03-14T22:28:29.914+0800] GC(140) Survivor regions: 1->1(39)
[2026-03-14T22:28:29.914+0800] GC(140) Old regions: 10->10
[2026-03-14T22:28:29.914+0800] GC(140) Humongous regions: 100->100
[2026-03-14T22:28:29.914+0800] GC(140) Metaspace: 9679K(9856K)->9679K(9856K) NonClass: 8919K(9024K)->8919K(9024K) Class: 759K(832K)->759K(832K)
[2026-03-14T22:28:29.915+0800] GC(140) Pause Young (Normal) (G1 Evacuation Pause) 414M->108M(512M) 1.286ms
[2026-03-14T22:28:29.915+0800] GC(140) User=0.01s Sys=0.00s Real=0.00s
[2026-03-14T22:28:40.109+0800] GC(141) Pause Young (Normal) (G1 Evacuation Pause)
[2026-03-14T22:28:40.109+0800] GC(141) Using 9 workers of 9 for evacuation
[2026-03-14T22:28:40.110+0800] GC(141)   Pre Evacuate Collection Set: 0.13ms
[2026-03-14T22:28:40.110+0800] GC(141)   Merge Heap Roots: 0.12ms
[2026-03-14T22:28:40.110+0800] GC(141)   Evacuate Collection Set: 0.28ms
[2026-03-14T22:28:40.110+0800] GC(141)   Post Evacuate Collection Set: 0.25ms
[2026-03-14T22:28:40.110+0800] GC(141)   Other: 0.07ms
[2026-03-14T22:28:40.110+0800] GC(141) Eden regions: 306->0(306)
[2026-03-14T22:28:40.110+0800] GC(141) Survivor regions: 1->1(39)
[2026-03-14T22:28:40.110+0800] GC(141) Old regions: 10->10
[2026-03-14T22:28:40.110+0800] GC(141) Humongous regions: 100->100
[2026-03-14T22:28:40.110+0800] GC(141) Metaspace: 9679K(9856K)->9679K(9856K) NonClass: 8919K(9024K)->8919K(9024K) Class: 759K(832K)->759K(832K)
[2026-03-14T22:28:40.110+0800] GC(141) Pause Young (Normal) (G1 Evacuation Pause) 414M->108M(512M) 1.019ms
[2026-03-14T22:28:40.110+0800] GC(141) User=0.01s Sys=0.00s Real=0.01s
[2026-03-14T22:28:50.313+0800] GC(142) Pause Young (Normal) (G1 Evacuation Pause)
[2026-03-14T22:28:50.313+0800] GC(142) Using 9 workers of 9 for evacuation
[2026-03-14T22:28:50.314+0800] GC(142)   Pre Evacuate Collection Set: 0.20ms
[2026-03-14T22:28:50.314+0800] GC(142)   Merge Heap Roots: 0.18ms
[2026-03-14T22:28:50.314+0800] GC(142)   Evacuate Collection Set: 0.35ms
[2026-03-14T22:28:50.314+0800] GC(142)   Post Evacuate Collection Set: 0.35ms
[2026-03-14T22:28:50.314+0800] GC(142)   Other: 0.12ms
[2026-03-14T22:28:50.314+0800] GC(142) Eden regions: 306->0(306)
[2026-03-14T22:28:50.314+0800] GC(142) Survivor regions: 1->1(39)
[2026-03-14T22:28:50.314+0800] GC(142) Old regions: 10->10
[2026-03-14T22:28:50.314+0800] GC(142) Humongous regions: 100->100
[2026-03-14T22:28:50.314+0800] GC(142) Metaspace: 9679K(9856K)->9679K(9856K) NonClass: 8919K(9024K)->8919K(9024K) Class: 759K(832K)->759K(832K)
[2026-03-14T22:28:50.314+0800] GC(142) Pause Young (Normal) (G1 Evacuation Pause) 414M->108M(512M) 1.455ms
[2026-03-14T22:28:50.314+0800] GC(142) User=0.01s Sys=0.00s Real=0.00s
[2026-03-14T22:29:00.495+0800] GC(143) Pause Young (Normal) (G1 Evacuation Pause)
[2026-03-14T22:29:00.495+0800] GC(143) Using 9 workers of 9 for evacuation
[2026-03-14T22:29:00.496+0800] GC(143)   Pre Evacuate Collection Set: 0.23ms
[2026-03-14T22:29:00.496+0800] GC(143)   Merge Heap Roots: 0.23ms
[2026-03-14T22:29:00.496+0800] GC(143)   Evacuate Collection Set: 0.60ms
[2026-03-14T22:29:00.496+0800] GC(143)   Post Evacuate Collection Set: 0.42ms
[2026-03-14T22:29:00.496+0800] GC(143)   Other: 0.13ms
[2026-03-14T22:29:00.496+0800] GC(143) Eden regions: 306->0(306)
[2026-03-14T22:29:00.496+0800] GC(143) Survivor regions: 1->1(39)
[2026-03-14T22:29:00.496+0800] GC(143) Old regions: 10->10
[2026-03-14T22:29:00.496+0800] GC(143) Humongous regions: 100->100
[2026-03-14T22:29:00.496+0800] GC(143) Metaspace: 9679K(9856K)->9679K(9856K) NonClass: 8919K(9024K)->8919K(9024K) Class: 759K(832K)->759K(832K)
[2026-03-14T22:29:00.496+0800] GC(143) Pause Young (Normal) (G1 Evacuation Pause) 414M->108M(512M) 1.905ms
[2026-03-14T22:29:00.497+0800] GC(143) User=0.01s Sys=0.00s Real=0.00s
[2026-03-14T22:29:10.667+0800] GC(144) Pause Young (Normal) (G1 Evacuation Pause)
[2026-03-14T22:29:10.668+0800] GC(144) Using 9 workers of 9 for evacuation
[2026-03-14T22:29:10.668+0800] GC(144)   Pre Evacuate Collection Set: 0.11ms
[2026-03-14T22:29:10.668+0800] GC(144)   Merge Heap Roots: 0.12ms
[2026-03-14T22:29:10.668+0800] GC(144)   Evacuate Collection Set: 0.20ms
[2026-03-14T22:29:10.668+0800] GC(144)   Post Evacuate Collection Set: 0.22ms
[2026-03-14T22:29:10.668+0800] GC(144)   Other: 0.07ms
[2026-03-14T22:29:10.668+0800] GC(144) Eden regions: 306->0(306)
[2026-03-14T22:29:10.668+0800] GC(144) Survivor regions: 1->1(39)
[2026-03-14T22:29:10.668+0800] GC(144) Old regions: 10->10
[2026-03-14T22:29:10.668+0800] GC(144) Humongous regions: 100->100
[2026-03-14T22:29:10.668+0800] GC(144) Metaspace: 9679K(9856K)->9679K(9856K) NonClass: 8919K(9024K)->8919K(9024K) Class: 759K(832K)->759K(832K)
[2026-03-14T22:29:10.668+0800] GC(144) Pause Young (Normal) (G1 Evacuation Pause) 414M->108M(512M) 0.866ms
[2026-03-14T22:29:10.668+0800] GC(144) User=0.00s Sys=0.00s Real=0.00s
[2026-03-14T22:29:20.871+0800] GC(145) Pause Young (Normal) (G1 Evacuation Pause)
[2026-03-14T22:29:20.871+0800] GC(145) Using 9 workers of 9 for evacuation
[2026-03-14T22:29:20.873+0800] GC(145)   Pre Evacuate Collection Set: 0.25ms
[2026-03-14T22:29:20.873+0800] GC(145)   Merge Heap Roots: 0.22ms
[2026-03-14T22:29:20.873+0800] GC(145)   Evacuate Collection Set: 0.66ms
[2026-03-14T22:29:20.873+0800] GC(145)   Post Evacuate Collection Set: 0.51ms
[2026-03-14T22:29:20.873+0800] GC(145)   Other: 0.16ms
[2026-03-14T22:29:20.873+0800] GC(145) Eden regions: 306->0(306)
[2026-03-14T22:29:20.873+0800] GC(145) Survivor regions: 1->1(39)
[2026-03-14T22:29:20.873+0800] GC(145) Old regions: 10->10
[2026-03-14T22:29:20.873+0800] GC(145) Humongous regions: 100->100
[2026-03-14T22:29:20.873+0800] GC(145) Metaspace: 9679K(9856K)->9679K(9856K) NonClass: 8919K(9024K)->8919K(9024K) Class: 759K(832K)->759K(832K)
[2026-03-14T22:29:20.873+0800] GC(145) Pause Young (Normal) (G1 Evacuation Pause) 414M->108M(512M) 2.127ms
[2026-03-14T22:29:20.873+0800] GC(145) User=0.01s Sys=0.00s Real=0.00s
[2026-03-14T22:29:31.076+0800] GC(146) Pause Young (Normal) (G1 Evacuation Pause)
[2026-03-14T22:29:31.076+0800] GC(146) Using 9 workers of 9 for evacuation
[2026-03-14T22:29:31.078+0800] GC(146)   Pre Evacuate Collection Set: 0.18ms
[2026-03-14T22:29:31.078+0800] GC(146)   Merge Heap Roots: 0.22ms
[2026-03-14T22:29:31.078+0800] GC(146)   Evacuate Collection Set: 0.52ms
[2026-03-14T22:29:31.078+0800] GC(146)   Post Evacuate Collection Set: 0.51ms
[2026-03-14T22:29:31.078+0800] GC(146)   Other: 0.15ms
[2026-03-14T22:29:31.078+0800] GC(146) Eden regions: 306->0(306)
[2026-03-14T22:29:31.078+0800] GC(146) Survivor regions: 1->1(39)
[2026-03-14T22:29:31.078+0800] GC(146) Old regions: 10->10
[2026-03-14T22:29:31.078+0800] GC(146) Humongous regions: 100->100
[2026-03-14T22:29:31.078+0800] GC(146) Metaspace: 9679K(9856K)->9679K(9856K) NonClass: 8919K(9024K)->8919K(9024K) Class: 759K(832K)->759K(832K)
[2026-03-14T22:29:31.078+0800] GC(146) Pause Young (Normal) (G1 Evacuation Pause) 414M->108M(512M) 1.924ms
[2026-03-14T22:29:31.078+0800] GC(146) User=0.01s Sys=0.00s Real=0.00s
[2026-03-14T22:29:41.272+0800] GC(147) Pause Young (Normal) (G1 Evacuation Pause)
[2026-03-14T22:29:41.272+0800] GC(147) Using 9 workers of 9 for evacuation
[2026-03-14T22:29:41.274+0800] GC(147)   Pre Evacuate Collection Set: 0.33ms
[2026-03-14T22:29:41.274+0800] GC(147)   Merge Heap Roots: 0.26ms
[2026-03-14T22:29:41.274+0800] GC(147)   Evacuate Collection Set: 0.63ms
[2026-03-14T22:29:41.274+0800] GC(147)   Post Evacuate Collection Set: 0.48ms
[2026-03-14T22:29:41.274+0800] GC(147)   Other: 0.16ms
[2026-03-14T22:29:41.274+0800] GC(147) Eden regions: 306->0(306)
[2026-03-14T22:29:41.274+0800] GC(147) Survivor regions: 1->1(39)
[2026-03-14T22:29:41.274+0800] GC(147) Old regions: 10->10
[2026-03-14T22:29:41.274+0800] GC(147) Humongous regions: 100->100
[2026-03-14T22:29:41.274+0800] GC(147) Metaspace: 9679K(9856K)->9679K(9856K) NonClass: 8919K(9024K)->8919K(9024K) Class: 759K(832K)->759K(832K)
[2026-03-14T22:29:41.274+0800] GC(147) Pause Young (Normal) (G1 Evacuation Pause) 414M->108M(512M) 2.149ms
[2026-03-14T22:29:41.274+0800] GC(147) User=0.01s Sys=0.01s Real=0.00s
[2026-03-14T22:29:51.474+0800] GC(148) Pause Young (Normal) (G1 Evacuation Pause)
[2026-03-14T22:29:51.474+0800] GC(148) Using 9 workers of 9 for evacuation
[2026-03-14T22:29:51.475+0800] GC(148)   Pre Evacuate Collection Set: 0.25ms
[2026-03-14T22:29:51.475+0800] GC(148)   Merge Heap Roots: 0.24ms
[2026-03-14T22:29:51.475+0800] GC(148)   Evacuate Collection Set: 0.44ms
[2026-03-14T22:29:51.475+0800] GC(148)   Post Evacuate Collection Set: 0.34ms
[2026-03-14T22:29:51.475+0800] GC(148)   Other: 0.11ms
[2026-03-14T22:29:51.475+0800] GC(148) Eden regions: 306->0(306)
[2026-03-14T22:29:51.475+0800] GC(148) Survivor regions: 1->1(39)
[2026-03-14T22:29:51.475+0800] GC(148) Old regions: 10->10
[2026-03-14T22:29:51.475+0800] GC(148) Humongous regions: 100->100
[2026-03-14T22:29:51.475+0800] GC(148) Metaspace: 9679K(9856K)->9679K(9856K) NonClass: 8919K(9024K)->8919K(9024K) Class: 759K(832K)->759K(832K)
[2026-03-14T22:29:51.476+0800] GC(148) Pause Young (Normal) (G1 Evacuation Pause) 414M->108M(512M) 1.656ms
[2026-03-14T22:29:51.476+0800] GC(148) User=0.00s Sys=0.00s Real=0.00s
[2026-03-14T22:30:01.673+0800] GC(149) Pause Young (Normal) (G1 Evacuation Pause)
[2026-03-14T22:30:01.673+0800] GC(149) Using 9 workers of 9 for evacuation
[2026-03-14T22:30:01.674+0800] GC(149)   Pre Evacuate Collection Set: 0.13ms
[2026-03-14T22:30:01.674+0800] GC(149)   Merge Heap Roots: 0.14ms
[2026-03-14T22:30:01.674+0800] GC(149)   Evacuate Collection Set: 0.33ms
[2026-03-14T22:30:01.674+0800] GC(149)   Post Evacuate Collection Set: 0.33ms
[2026-03-14T22:30:01.674+0800] GC(149)   Other: 0.09ms
[2026-03-14T22:30:01.674+0800] GC(149) Eden regions: 306->0(306)
[2026-03-14T22:30:01.674+0800] GC(149) Survivor regions: 1->1(39)
[2026-03-14T22:30:01.674+0800] GC(149) Old regions: 10->10
[2026-03-14T22:30:01.674+0800] GC(149) Humongous regions: 100->100
[2026-03-14T22:30:01.674+0800] GC(149) Metaspace: 9679K(9856K)->9679K(9856K) NonClass: 8919K(9024K)->8919K(9024K) Class: 759K(832K)->759K(832K)
[2026-03-14T22:30:01.674+0800] GC(149) Pause Young (Normal) (G1 Evacuation Pause) 414M->108M(512M) 1.249ms
[2026-03-14T22:30:01.674+0800] GC(149) User=0.01s Sys=0.00s Real=0.00s
[2026-03-14T22:30:11.841+0800] GC(150) Pause Young (Normal) (G1 Evacuation Pause)
[2026-03-14T22:30:11.841+0800] GC(150) Using 9 workers of 9 for evacuation
[2026-03-14T22:30:11.842+0800] GC(150)   Pre Evacuate Collection Set: 0.15ms
[2026-03-14T22:30:11.842+0800] GC(150)   Merge Heap Roots: 0.12ms
[2026-03-14T22:30:11.842+0800] GC(150)   Evacuate Collection Set: 0.38ms
[2026-03-14T22:30:11.842+0800] GC(150)   Post Evacuate Collection Set: 0.28ms
[2026-03-14T22:30:11.842+0800] GC(150)   Other: 0.07ms
[2026-03-14T22:30:11.842+0800] GC(150) Eden regions: 306->0(306)
[2026-03-14T22:30:11.842+0800] GC(150) Survivor regions: 1->1(39)
[2026-03-14T22:30:11.842+0800] GC(150) Old regions: 10->10
[2026-03-14T22:30:11.842+0800] GC(150) Humongous regions: 100->100
[2026-03-14T22:30:11.842+0800] GC(150) Metaspace: 9679K(9856K)->9679K(9856K) NonClass: 8919K(9024K)->8919K(9024K) Class: 759K(832K)->759K(832K)
[2026-03-14T22:30:11.842+0800] GC(150) Pause Young (Normal) (G1 Evacuation Pause) 414M->108M(512M) 1.213ms
[2026-03-14T22:30:11.842+0800] GC(150) User=0.00s Sys=0.01s Real=0.00s
[2026-03-14T22:30:22.033+0800] GC(151) Pause Young (Normal) (G1 Evacuation Pause)
[2026-03-14T22:30:22.033+0800] GC(151) Using 9 workers of 9 for evacuation
[2026-03-14T22:30:22.034+0800] GC(151)   Pre Evacuate Collection Set: 0.13ms
[2026-03-14T22:30:22.034+0800] GC(151)   Merge Heap Roots: 0.10ms
[2026-03-14T22:30:22.034+0800] GC(151)   Evacuate Collection Set: 0.20ms
[2026-03-14T22:30:22.034+0800] GC(151)   Post Evacuate Collection Set: 0.20ms
[2026-03-14T22:30:22.034+0800] GC(151)   Other: 0.06ms
[2026-03-14T22:30:22.034+0800] GC(151) Eden regions: 306->0(306)
[2026-03-14T22:30:22.034+0800] GC(151) Survivor regions: 1->1(39)
[2026-03-14T22:30:22.034+0800] GC(151) Old regions: 10->10
[2026-03-14T22:30:22.034+0800] GC(151) Humongous regions: 100->100
[2026-03-14T22:30:22.034+0800] GC(151) Metaspace: 9679K(9856K)->9679K(9856K) NonClass: 8919K(9024K)->8919K(9024K) Class: 759K(832K)->759K(832K)
[2026-03-14T22:30:22.034+0800] GC(151) Pause Young (Normal) (G1 Evacuation Pause) 414M->108M(512M) 0.788ms
[2026-03-14T22:30:22.034+0800] GC(151) User=0.00s Sys=0.00s Real=0.00s
[2026-03-14T22:30:32.222+0800] GC(152) Pause Young (Normal) (G1 Evacuation Pause)
[2026-03-14T22:30:32.222+0800] GC(152) Using 9 workers of 9 for evacuation
[2026-03-14T22:30:32.223+0800] GC(152)   Pre Evacuate Collection Set: 0.09ms
[2026-03-14T22:30:32.223+0800] GC(152)   Merge Heap Roots: 0.09ms
[2026-03-14T22:30:32.223+0800] GC(152)   Evacuate Collection Set: 0.23ms
[2026-03-14T22:30:32.223+0800] GC(152)   Post Evacuate Collection Set: 0.21ms
[2026-03-14T22:30:32.223+0800] GC(152)   Other: 0.06ms
[2026-03-14T22:30:32.223+0800] GC(152) Eden regions: 306->0(306)
[2026-03-14T22:30:32.223+0800] GC(152) Survivor regions: 1->1(39)
[2026-03-14T22:30:32.223+0800] GC(152) Old regions: 10->10
[2026-03-14T22:30:32.223+0800] GC(152) Humongous regions: 100->100
[2026-03-14T22:30:32.223+0800] GC(152) Metaspace: 9679K(9856K)->9679K(9856K) NonClass: 8919K(9024K)->8919K(9024K) Class: 759K(832K)->759K(832K)
[2026-03-14T22:30:32.223+0800] GC(152) Pause Young (Normal) (G1 Evacuation Pause) 414M->108M(512M) 0.816ms
[2026-03-14T22:30:32.223+0800] GC(152) User=0.00s Sys=0.00s Real=0.00s
[2026-03-14T22:30:42.421+0800] GC(153) Pause Young (Normal) (G1 Evacuation Pause)
[2026-03-14T22:30:42.421+0800] GC(153) Using 9 workers of 9 for evacuation
[2026-03-14T22:30:42.422+0800] GC(153)   Pre Evacuate Collection Set: 0.14ms
[2026-03-14T22:30:42.422+0800] GC(153)   Merge Heap Roots: 0.22ms
[2026-03-14T22:30:42.422+0800] GC(153)   Evacuate Collection Set: 0.48ms
[2026-03-14T22:30:42.422+0800] GC(153)   Post Evacuate Collection Set: 0.41ms
[2026-03-14T22:30:42.422+0800] GC(153)   Other: 0.13ms
[2026-03-14T22:30:42.422+0800] GC(153) Eden regions: 306->0(306)
[2026-03-14T22:30:42.422+0800] GC(153) Survivor regions: 1->1(39)
[2026-03-14T22:30:42.422+0800] GC(153) Old regions: 10->10
[2026-03-14T22:30:42.422+0800] GC(153) Humongous regions: 100->100
[2026-03-14T22:30:42.423+0800] GC(153) Metaspace: 9679K(9856K)->9679K(9856K) NonClass: 8919K(9024K)->8919K(9024K) Class: 759K(832K)->759K(832K)
[2026-03-14T22:30:42.423+0800] GC(153) Pause Young (Normal) (G1 Evacuation Pause) 414M->108M(512M) 1.678ms
[2026-03-14T22:30:42.423+0800] GC(153) User=0.01s Sys=0.00s Real=0.00s
[2026-03-14T22:30:52.619+0800] GC(154) Pause Young (Normal) (G1 Evacuation Pause)
[2026-03-14T22:30:52.619+0800] GC(154) Using 9 workers of 9 for evacuation
[2026-03-14T22:30:52.623+0800] GC(154)   Pre Evacuate Collection Set: 0.30ms
[2026-03-14T22:30:52.623+0800] GC(154)   Merge Heap Roots: 0.32ms
[2026-03-14T22:30:52.623+0800] GC(154)   Evacuate Collection Set: 2.33ms
[2026-03-14T22:30:52.623+0800] GC(154)   Post Evacuate Collection Set: 0.35ms
[2026-03-14T22:30:52.623+0800] GC(154)   Other: 0.17ms
[2026-03-14T22:30:52.623+0800] GC(154) Eden regions: 306->0(306)
[2026-03-14T22:30:52.623+0800] GC(154) Survivor regions: 1->1(39)
[2026-03-14T22:30:52.623+0800] GC(154) Old regions: 10->10
[2026-03-14T22:30:52.623+0800] GC(154) Humongous regions: 100->100
[2026-03-14T22:30:52.623+0800] GC(154) Metaspace: 9679K(9856K)->9679K(9856K) NonClass: 8919K(9024K)->8919K(9024K) Class: 759K(832K)->759K(832K)
[2026-03-14T22:30:52.623+0800] GC(154) Pause Young (Normal) (G1 Evacuation Pause) 414M->108M(512M) 3.865ms
[2026-03-14T22:30:52.623+0800] GC(154) User=0.01s Sys=0.00s Real=0.01s
[2026-03-14T22:31:02.815+0800] GC(155) Pause Young (Normal) (G1 Evacuation Pause)
[2026-03-14T22:31:02.815+0800] GC(155) Using 9 workers of 9 for evacuation
[2026-03-14T22:31:02.817+0800] GC(155)   Pre Evacuate Collection Set: 0.20ms
[2026-03-14T22:31:02.817+0800] GC(155)   Merge Heap Roots: 0.23ms
[2026-03-14T22:31:02.817+0800] GC(155)   Evacuate Collection Set: 0.56ms
[2026-03-14T22:31:02.817+0800] GC(155)   Post Evacuate Collection Set: 0.86ms
[2026-03-14T22:31:02.817+0800] GC(155)   Other: 0.15ms
[2026-03-14T22:31:02.817+0800] GC(155) Eden regions: 306->0(306)
[2026-03-14T22:31:02.817+0800] GC(155) Survivor regions: 1->1(39)
[2026-03-14T22:31:02.817+0800] GC(155) Old regions: 10->10
[2026-03-14T22:31:02.817+0800] GC(155) Humongous regions: 100->100
[2026-03-14T22:31:02.817+0800] GC(155) Metaspace: 9679K(9856K)->9679K(9856K) NonClass: 8919K(9024K)->8919K(9024K) Class: 759K(832K)->759K(832K)
[2026-03-14T22:31:02.817+0800] GC(155) Pause Young (Normal) (G1 Evacuation Pause) 414M->108M(512M) 2.369ms
[2026-03-14T22:31:02.817+0800] GC(155) User=0.01s Sys=0.00s Real=0.00s
[2026-03-14T22:31:12.996+0800] GC(156) Pause Young (Normal) (G1 Evacuation Pause)
[2026-03-14T22:31:12.997+0800] GC(156) Using 9 workers of 9 for evacuation
[2026-03-14T22:31:12.998+0800] GC(156)   Pre Evacuate Collection Set: 0.20ms
[2026-03-14T22:31:12.998+0800] GC(156)   Merge Heap Roots: 0.18ms
[2026-03-14T22:31:12.998+0800] GC(156)   Evacuate Collection Set: 0.45ms
[2026-03-14T22:31:12.998+0800] GC(156)   Post Evacuate Collection Set: 0.39ms
[2026-03-14T22:31:12.998+0800] GC(156)   Other: 0.12ms
[2026-03-14T22:31:12.998+0800] GC(156) Eden regions: 306->0(306)
[2026-03-14T22:31:12.998+0800] GC(156) Survivor regions: 1->1(39)
[2026-03-14T22:31:12.998+0800] GC(156) Old regions: 10->10
[2026-03-14T22:31:12.998+0800] GC(156) Humongous regions: 100->100
[2026-03-14T22:31:12.998+0800] GC(156) Metaspace: 9679K(9856K)->9679K(9856K) NonClass: 8919K(9024K)->8919K(9024K) Class: 759K(832K)->759K(832K)
[2026-03-14T22:31:12.998+0800] GC(156) Pause Young (Normal) (G1 Evacuation Pause) 414M->108M(512M) 1.603ms
[2026-03-14T22:31:12.998+0800] GC(156) User=0.00s Sys=0.00s Real=0.00s
[2026-03-14T22:31:23.203+0800] GC(157) Pause Young (Normal) (G1 Evacuation Pause)
[2026-03-14T22:31:23.203+0800] GC(157) Using 9 workers of 9 for evacuation
[2026-03-14T22:31:23.206+0800] GC(157)   Pre Evacuate Collection Set: 0.27ms
[2026-03-14T22:31:23.207+0800] GC(157)   Merge Heap Roots: 0.26ms
[2026-03-14T22:31:23.207+0800] GC(157)   Evacuate Collection Set: 2.23ms
[2026-03-14T22:31:23.207+0800] GC(157)   Post Evacuate Collection Set: 0.42ms
[2026-03-14T22:31:23.207+0800] GC(157)   Other: 0.28ms
[2026-03-14T22:31:23.207+0800] GC(157) Eden regions: 306->0(306)
[2026-03-14T22:31:23.207+0800] GC(157) Survivor regions: 1->1(39)
[2026-03-14T22:31:23.207+0800] GC(157) Old regions: 10->10
[2026-03-14T22:31:23.207+0800] GC(157) Humongous regions: 100->100
[2026-03-14T22:31:23.207+0800] GC(157) Metaspace: 9679K(9856K)->9679K(9856K) NonClass: 8919K(9024K)->8919K(9024K) Class: 759K(832K)->759K(832K)
[2026-03-14T22:31:23.207+0800] GC(157) Pause Young (Normal) (G1 Evacuation Pause) 414M->108M(512M) 3.981ms
[2026-03-14T22:31:23.207+0800] GC(157) User=0.00s Sys=0.00s Real=0.00s
[2026-03-14T22:31:33.385+0800] GC(158) Pause Young (Normal) (G1 Evacuation Pause)
[2026-03-14T22:31:33.385+0800] GC(158) Using 9 workers of 9 for evacuation
[2026-03-14T22:31:33.386+0800] GC(158)   Pre Evacuate Collection Set: 0.21ms
[2026-03-14T22:31:33.386+0800] GC(158)   Merge Heap Roots: 0.20ms
[2026-03-14T22:31:33.386+0800] GC(158)   Evacuate Collection Set: 0.45ms
[2026-03-14T22:31:33.386+0800] GC(158)   Post Evacuate Collection Set: 0.49ms
[2026-03-14T22:31:33.386+0800] GC(158)   Other: 0.14ms
[2026-03-14T22:31:33.387+0800] GC(158) Eden regions: 306->0(306)
[2026-03-14T22:31:33.387+0800] GC(158) Survivor regions: 1->1(39)
[2026-03-14T22:31:33.387+0800] GC(158) Old regions: 10->10
[2026-03-14T22:31:33.387+0800] GC(158) Humongous regions: 100->100
[2026-03-14T22:31:33.387+0800] GC(158) Metaspace: 9679K(9856K)->9679K(9856K) NonClass: 8919K(9024K)->8919K(9024K) Class: 759K(832K)->759K(832K)
[2026-03-14T22:31:33.387+0800] GC(158) Pause Young (Normal) (G1 Evacuation Pause) 414M->108M(512M) 1.817ms
[2026-03-14T22:31:33.387+0800] GC(158) User=0.00s Sys=0.00s Real=0.00s
[2026-03-14T22:31:43.585+0800] GC(159) Pause Young (Normal) (G1 Evacuation Pause)
[2026-03-14T22:31:43.585+0800] GC(159) Using 9 workers of 9 for evacuation
[2026-03-14T22:31:43.586+0800] GC(159)   Pre Evacuate Collection Set: 0.16ms
[2026-03-14T22:31:43.586+0800] GC(159)   Merge Heap Roots: 0.19ms
[2026-03-14T22:31:43.586+0800] GC(159)   Evacuate Collection Set: 0.47ms
[2026-03-14T22:31:43.586+0800] GC(159)   Post Evacuate Collection Set: 0.37ms
[2026-03-14T22:31:43.586+0800] GC(159)   Other: 0.10ms
[2026-03-14T22:31:43.586+0800] GC(159) Eden regions: 306->0(306)
[2026-03-14T22:31:43.586+0800] GC(159) Survivor regions: 1->1(39)
[2026-03-14T22:31:43.586+0800] GC(159) Old regions: 10->10
[2026-03-14T22:31:43.587+0800] GC(159) Humongous regions: 100->100
[2026-03-14T22:31:43.587+0800] GC(159) Metaspace: 9679K(9856K)->9679K(9856K) NonClass: 8919K(9024K)->8919K(9024K) Class: 759K(832K)->759K(832K)
[2026-03-14T22:31:43.587+0800] GC(159) Pause Young (Normal) (G1 Evacuation Pause) 414M->108M(512M) 1.512ms
[2026-03-14T22:31:43.587+0800] GC(159) User=0.00s Sys=0.00s Real=0.00s
[2026-03-14T22:31:53.784+0800] GC(160) Pause Young (Normal) (G1 Evacuation Pause)
[2026-03-14T22:31:53.784+0800] GC(160) Using 9 workers of 9 for evacuation
[2026-03-14T22:31:53.785+0800] GC(160)   Pre Evacuate Collection Set: 0.21ms
[2026-03-14T22:31:53.785+0800] GC(160)   Merge Heap Roots: 0.18ms
[2026-03-14T22:31:53.785+0800] GC(160)   Evacuate Collection Set: 0.38ms
[2026-03-14T22:31:53.785+0800] GC(160)   Post Evacuate Collection Set: 0.41ms
[2026-03-14T22:31:53.785+0800] GC(160)   Other: 0.07ms
[2026-03-14T22:31:53.785+0800] GC(160) Eden regions: 306->0(306)
[2026-03-14T22:31:53.785+0800] GC(160) Survivor regions: 1->1(39)
[2026-03-14T22:31:53.785+0800] GC(160) Old regions: 10->10
[2026-03-14T22:31:53.785+0800] GC(160) Humongous regions: 100->100
[2026-03-14T22:31:53.785+0800] GC(160) Metaspace: 9679K(9856K)->9679K(9856K) NonClass: 8919K(9024K)->8919K(9024K) Class: 759K(832K)->759K(832K)
[2026-03-14T22:31:53.785+0800] GC(160) Pause Young (Normal) (G1 Evacuation Pause) 414M->108M(512M) 1.445ms
[2026-03-14T22:31:53.785+0800] GC(160) User=0.00s Sys=0.00s Real=0.00s
[2026-03-14T22:32:03.980+0800] GC(161) Pause Young (Normal) (G1 Evacuation Pause)
[2026-03-14T22:32:03.980+0800] GC(161) Using 9 workers of 9 for evacuation
[2026-03-14T22:32:03.981+0800] GC(161)   Pre Evacuate Collection Set: 0.16ms
[2026-03-14T22:32:03.981+0800] GC(161)   Merge Heap Roots: 0.15ms
[2026-03-14T22:32:03.981+0800] GC(161)   Evacuate Collection Set: 0.35ms
[2026-03-14T22:32:03.981+0800] GC(161)   Post Evacuate Collection Set: 0.34ms
[2026-03-14T22:32:03.981+0800] GC(161)   Other: 0.12ms
[2026-03-14T22:32:03.981+0800] GC(161) Eden regions: 306->0(306)
[2026-03-14T22:32:03.981+0800] GC(161) Survivor regions: 1->1(39)
[2026-03-14T22:32:03.981+0800] GC(161) Old regions: 10->10
[2026-03-14T22:32:03.981+0800] GC(161) Humongous regions: 100->100
[2026-03-14T22:32:03.981+0800] GC(161) Metaspace: 9679K(9856K)->9679K(9856K) NonClass: 8919K(9024K)->8919K(9024K) Class: 759K(832K)->759K(832K)
[2026-03-14T22:32:03.981+0800] GC(161) Pause Young (Normal) (G1 Evacuation Pause) 414M->108M(512M) 1.351ms
[2026-03-14T22:32:03.981+0800] GC(161) User=0.00s Sys=0.00s Real=0.00s
[2026-03-14T22:32:14.166+0800] GC(162) Pause Young (Normal) (G1 Evacuation Pause)
[2026-03-14T22:32:14.166+0800] GC(162) Using 9 workers of 9 for evacuation
[2026-03-14T22:32:14.168+0800] GC(162)   Pre Evacuate Collection Set: 0.13ms
[2026-03-14T22:32:14.168+0800] GC(162)   Merge Heap Roots: 0.16ms
[2026-03-14T22:32:14.168+0800] GC(162)   Evacuate Collection Set: 0.37ms
[2026-03-14T22:32:14.168+0800] GC(162)   Post Evacuate Collection Set: 0.31ms
[2026-03-14T22:32:14.168+0800] GC(162)   Other: 0.09ms
[2026-03-14T22:32:14.168+0800] GC(162) Eden regions: 306->0(306)
[2026-03-14T22:32:14.168+0800] GC(162) Survivor regions: 1->1(39)
[2026-03-14T22:32:14.168+0800] GC(162) Old regions: 10->10
[2026-03-14T22:32:14.168+0800] GC(162) Humongous regions: 100->100
[2026-03-14T22:32:14.168+0800] GC(162) Metaspace: 9679K(9856K)->9679K(9856K) NonClass: 8919K(9024K)->8919K(9024K) Class: 759K(832K)->759K(832K)
[2026-03-14T22:32:14.168+0800] GC(162) Pause Young (Normal) (G1 Evacuation Pause) 414M->108M(512M) 1.268ms
[2026-03-14T22:32:14.168+0800] GC(162) User=0.01s Sys=0.00s Real=0.00s
[2026-03-14T22:32:24.369+0800] GC(163) Pause Young (Normal) (G1 Evacuation Pause)
[2026-03-14T22:32:24.369+0800] GC(163) Using 9 workers of 9 for evacuation
[2026-03-14T22:32:24.370+0800] GC(163)   Pre Evacuate Collection Set: 0.14ms
[2026-03-14T22:32:24.370+0800] GC(163)   Merge Heap Roots: 0.16ms
[2026-03-14T22:32:24.370+0800] GC(163)   Evacuate Collection Set: 0.36ms
[2026-03-14T22:32:24.370+0800] GC(163)   Post Evacuate Collection Set: 0.39ms
[2026-03-14T22:32:24.370+0800] GC(163)   Other: 0.10ms
[2026-03-14T22:32:24.370+0800] GC(163) Eden regions: 306->0(306)
[2026-03-14T22:32:24.370+0800] GC(163) Survivor regions: 1->1(39)
[2026-03-14T22:32:24.370+0800] GC(163) Old regions: 10->10
[2026-03-14T22:32:24.370+0800] GC(163) Humongous regions: 100->100
[2026-03-14T22:32:24.370+0800] GC(163) Metaspace: 9679K(9856K)->9679K(9856K) NonClass: 8919K(9024K)->8919K(9024K) Class: 759K(832K)->759K(832K)
[2026-03-14T22:32:24.370+0800] GC(163) Pause Young (Normal) (G1 Evacuation Pause) 414M->108M(512M) 1.361ms
[2026-03-14T22:32:24.370+0800] GC(163) User=0.01s Sys=0.00s Real=0.01s
[2026-03-14T22:32:34.557+0800] GC(164) Pause Young (Normal) (G1 Evacuation Pause)
[2026-03-14T22:32:34.557+0800] GC(164) Using 9 workers of 9 for evacuation
[2026-03-14T22:32:34.558+0800] GC(164)   Pre Evacuate Collection Set: 0.13ms
[2026-03-14T22:32:34.558+0800] GC(164)   Merge Heap Roots: 0.08ms
[2026-03-14T22:32:34.558+0800] GC(164)   Evacuate Collection Set: 0.30ms
[2026-03-14T22:32:34.558+0800] GC(164)   Post Evacuate Collection Set: 0.26ms
[2026-03-14T22:32:34.558+0800] GC(164)   Other: 0.08ms
[2026-03-14T22:32:34.558+0800] GC(164) Eden regions: 306->0(306)
[2026-03-14T22:32:34.558+0800] GC(164) Survivor regions: 1->1(39)
[2026-03-14T22:32:34.558+0800] GC(164) Old regions: 10->10
[2026-03-14T22:32:34.558+0800] GC(164) Humongous regions: 100->100
[2026-03-14T22:32:34.558+0800] GC(164) Metaspace: 9679K(9856K)->9679K(9856K) NonClass: 8919K(9024K)->8919K(9024K) Class: 759K(832K)->759K(832K)
[2026-03-14T22:32:34.558+0800] GC(164) Pause Young (Normal) (G1 Evacuation Pause) 414M->108M(512M) 1.061ms
[2026-03-14T22:32:34.558+0800] GC(164) User=0.00s Sys=0.00s Real=0.00s
[2026-03-14T22:32:44.755+0800] GC(165) Pause Young (Normal) (G1 Evacuation Pause)
[2026-03-14T22:32:44.755+0800] GC(165) Using 9 workers of 9 for evacuation
[2026-03-14T22:32:44.756+0800] GC(165)   Pre Evacuate Collection Set: 0.22ms
[2026-03-14T22:32:44.756+0800] GC(165)   Merge Heap Roots: 0.11ms
[2026-03-14T22:32:44.756+0800] GC(165)   Evacuate Collection Set: 0.43ms
[2026-03-14T22:32:44.756+0800] GC(165)   Post Evacuate Collection Set: 0.36ms
[2026-03-14T22:32:44.756+0800] GC(165)   Other: 0.10ms
[2026-03-14T22:32:44.756+0800] GC(165) Eden regions: 306->0(306)
[2026-03-14T22:32:44.756+0800] GC(165) Survivor regions: 1->1(39)
[2026-03-14T22:32:44.756+0800] GC(165) Old regions: 10->10
[2026-03-14T22:32:44.756+0800] GC(165) Humongous regions: 100->100
[2026-03-14T22:32:44.756+0800] GC(165) Metaspace: 9679K(9856K)->9679K(9856K) NonClass: 8919K(9024K)->8919K(9024K) Class: 759K(832K)->759K(832K)
[2026-03-14T22:32:44.756+0800] GC(165) Pause Young (Normal) (G1 Evacuation Pause) 414M->108M(512M) 1.460ms
[2026-03-14T22:32:44.756+0800] GC(165) User=0.00s Sys=0.00s Real=0.00s
[2026-03-14T22:32:54.959+0800] GC(166) Pause Young (Normal) (G1 Evacuation Pause)
[2026-03-14T22:32:54.959+0800] GC(166) Using 9 workers of 9 for evacuation
[2026-03-14T22:32:54.963+0800] GC(166)   Pre Evacuate Collection Set: 0.33ms
[2026-03-14T22:32:54.963+0800] GC(166)   Merge Heap Roots: 0.65ms
[2026-03-14T22:32:54.963+0800] GC(166)   Evacuate Collection Set: 0.99ms
[2026-03-14T22:32:54.963+0800] GC(166)   Post Evacuate Collection Set: 1.46ms
[2026-03-14T22:32:54.963+0800] GC(166)   Other: 0.15ms
[2026-03-14T22:32:54.963+0800] GC(166) Eden regions: 306->0(306)
[2026-03-14T22:32:54.963+0800] GC(166) Survivor regions: 1->1(39)
[2026-03-14T22:32:54.963+0800] GC(166) Old regions: 10->10
[2026-03-14T22:32:54.963+0800] GC(166) Humongous regions: 100->100
[2026-03-14T22:32:54.963+0800] GC(166) Metaspace: 9679K(9856K)->9679K(9856K) NonClass: 8919K(9024K)->8919K(9024K) Class: 759K(832K)->759K(832K)
[2026-03-14T22:32:54.963+0800] GC(166) Pause Young (Normal) (G1 Evacuation Pause) 414M->108M(512M) 4.936ms
[2026-03-14T22:32:54.963+0800] GC(166) User=0.00s Sys=0.00s Real=0.01s
[2026-03-14T22:33:05.142+0800] GC(167) Pause Young (Normal) (G1 Evacuation Pause)
[2026-03-14T22:33:05.142+0800] GC(167) Using 9 workers of 9 for evacuation
[2026-03-14T22:33:05.144+0800] GC(167)   Pre Evacuate Collection Set: 0.27ms
[2026-03-14T22:33:05.144+0800] GC(167)   Merge Heap Roots: 0.27ms
[2026-03-14T22:33:05.144+0800] GC(167)   Evacuate Collection Set: 0.61ms
[2026-03-14T22:33:05.144+0800] GC(167)   Post Evacuate Collection Set: 0.42ms
[2026-03-14T22:33:05.144+0800] GC(167)   Other: 0.14ms
[2026-03-14T22:33:05.144+0800] GC(167) Eden regions: 306->0(306)
[2026-03-14T22:33:05.144+0800] GC(167) Survivor regions: 1->1(39)
[2026-03-14T22:33:05.144+0800] GC(167) Old regions: 10->10
[2026-03-14T22:33:05.144+0800] GC(167) Humongous regions: 100->100
[2026-03-14T22:33:05.144+0800] GC(167) Metaspace: 9679K(9856K)->9679K(9856K) NonClass: 8919K(9024K)->8919K(9024K) Class: 759K(832K)->759K(832K)
[2026-03-14T22:33:05.144+0800] GC(167) Pause Young (Normal) (G1 Evacuation Pause) 414M->108M(512M) 2.042ms
[2026-03-14T22:33:05.144+0800] GC(167) User=0.00s Sys=0.01s Real=0.00s
[2026-03-14T22:33:15.326+0800] GC(168) Pause Young (Normal) (G1 Evacuation Pause)
[2026-03-14T22:33:15.326+0800] GC(168) Using 9 workers of 9 for evacuation
[2026-03-14T22:33:15.327+0800] GC(168)   Pre Evacuate Collection Set: 0.15ms
[2026-03-14T22:33:15.327+0800] GC(168)   Merge Heap Roots: 0.09ms
[2026-03-14T22:33:15.327+0800] GC(168)   Evacuate Collection Set: 0.25ms
[2026-03-14T22:33:15.327+0800] GC(168)   Post Evacuate Collection Set: 0.22ms
[2026-03-14T22:33:15.327+0800] GC(168)   Other: 0.05ms
[2026-03-14T22:33:15.327+0800] GC(168) Eden regions: 306->0(306)
[2026-03-14T22:33:15.327+0800] GC(168) Survivor regions: 1->1(39)
[2026-03-14T22:33:15.327+0800] GC(168) Old regions: 10->10
[2026-03-14T22:33:15.327+0800] GC(168) Humongous regions: 100->100
[2026-03-14T22:33:15.327+0800] GC(168) Metaspace: 9679K(9856K)->9679K(9856K) NonClass: 8919K(9024K)->8919K(9024K) Class: 759K(832K)->759K(832K)
[2026-03-14T22:33:15.327+0800] GC(168) Pause Young (Normal) (G1 Evacuation Pause) 414M->108M(512M) 0.889ms
[2026-03-14T22:33:15.327+0800] GC(168) User=0.00s Sys=0.00s Real=0.00s
[2026-03-14T22:33:25.534+0800] GC(169) Pause Young (Normal) (G1 Evacuation Pause)
[2026-03-14T22:33:25.535+0800] GC(169) Using 9 workers of 9 for evacuation
[2026-03-14T22:33:25.536+0800] GC(169)   Pre Evacuate Collection Set: 0.17ms
[2026-03-14T22:33:25.536+0800] GC(169)   Merge Heap Roots: 0.21ms
[2026-03-14T22:33:25.536+0800] GC(169)   Evacuate Collection Set: 0.42ms
[2026-03-14T22:33:25.536+0800] GC(169)   Post Evacuate Collection Set: 0.37ms
[2026-03-14T22:33:25.536+0800] GC(169)   Other: 0.11ms
[2026-03-14T22:33:25.536+0800] GC(169) Eden regions: 306->0(306)
[2026-03-14T22:33:25.536+0800] GC(169) Survivor regions: 1->1(39)
[2026-03-14T22:33:25.536+0800] GC(169) Old regions: 10->10
[2026-03-14T22:33:25.536+0800] GC(169) Humongous regions: 100->100
[2026-03-14T22:33:25.536+0800] GC(169) Metaspace: 9679K(9856K)->9679K(9856K) NonClass: 8919K(9024K)->8919K(9024K) Class: 759K(832K)->759K(832K)
[2026-03-14T22:33:25.536+0800] GC(169) Pause Young (Normal) (G1 Evacuation Pause) 414M->108M(512M) 1.594ms
[2026-03-14T22:33:25.536+0800] GC(169) User=0.00s Sys=0.00s Real=0.00s
[2026-03-14T22:33:35.726+0800] GC(170) Pause Young (Normal) (G1 Evacuation Pause)
[2026-03-14T22:33:35.726+0800] GC(170) Using 9 workers of 9 for evacuation
[2026-03-14T22:33:35.727+0800] GC(170)   Pre Evacuate Collection Set: 0.20ms
[2026-03-14T22:33:35.727+0800] GC(170)   Merge Heap Roots: 0.18ms
[2026-03-14T22:33:35.727+0800] GC(170)   Evacuate Collection Set: 0.33ms
[2026-03-14T22:33:35.727+0800] GC(170)   Post Evacuate Collection Set: 0.31ms
[2026-03-14T22:33:35.727+0800] GC(170)   Other: 0.11ms
[2026-03-14T22:33:35.727+0800] GC(170) Eden regions: 306->0(306)
[2026-03-14T22:33:35.727+0800] GC(170) Survivor regions: 1->1(39)
[2026-03-14T22:33:35.727+0800] GC(170) Old regions: 10->10
[2026-03-14T22:33:35.727+0800] GC(170) Humongous regions: 100->100
[2026-03-14T22:33:35.727+0800] GC(170) Metaspace: 9679K(9856K)->9679K(9856K) NonClass: 8919K(9024K)->8919K(9024K) Class: 759K(832K)->759K(832K)
[2026-03-14T22:33:35.727+0800] GC(170) Pause Young (Normal) (G1 Evacuation Pause) 414M->108M(512M) 1.467ms
[2026-03-14T22:33:35.727+0800] GC(170) User=0.00s Sys=0.00s Real=0.00s
[2026-03-14T22:33:45.934+0800] GC(171) Pause Young (Normal) (G1 Evacuation Pause)
[2026-03-14T22:33:45.934+0800] GC(171) Using 9 workers of 9 for evacuation
[2026-03-14T22:33:45.937+0800] GC(171)   Pre Evacuate Collection Set: 0.35ms
[2026-03-14T22:33:45.937+0800] GC(171)   Merge Heap Roots: 0.16ms
[2026-03-14T22:33:45.937+0800] GC(171)   Evacuate Collection Set: 1.23ms
[2026-03-14T22:33:45.937+0800] GC(171)   Post Evacuate Collection Set: 0.53ms
[2026-03-14T22:33:45.937+0800] GC(171)   Other: 0.24ms
[2026-03-14T22:33:45.937+0800] GC(171) Eden regions: 306->0(306)
[2026-03-14T22:33:45.937+0800] GC(171) Survivor regions: 1->1(39)
[2026-03-14T22:33:45.937+0800] GC(171) Old regions: 10->10
[2026-03-14T22:33:45.937+0800] GC(171) Humongous regions: 100->100
[2026-03-14T22:33:45.937+0800] GC(171) Metaspace: 9679K(9856K)->9679K(9856K) NonClass: 8919K(9024K)->8919K(9024K) Class: 759K(832K)->759K(832K)
[2026-03-14T22:33:45.937+0800] GC(171) Pause Young (Normal) (G1 Evacuation Pause) 414M->108M(512M) 3.119ms
[2026-03-14T22:33:45.937+0800] GC(171) User=0.00s Sys=0.00s Real=0.00s
[2026-03-14T22:33:56.135+0800] GC(172) Pause Young (Normal) (G1 Evacuation Pause)
[2026-03-14T22:33:56.135+0800] GC(172) Using 9 workers of 9 for evacuation
[2026-03-14T22:33:56.137+0800] GC(172)   Pre Evacuate Collection Set: 0.15ms
[2026-03-14T22:33:56.137+0800] GC(172)   Merge Heap Roots: 0.15ms
[2026-03-14T22:33:56.137+0800] GC(172)   Evacuate Collection Set: 0.42ms
[2026-03-14T22:33:56.137+0800] GC(172)   Post Evacuate Collection Set: 0.37ms
[2026-03-14T22:33:56.137+0800] GC(172)   Other: 0.12ms
[2026-03-14T22:33:56.137+0800] GC(172) Eden regions: 306->0(306)
[2026-03-14T22:33:56.137+0800] GC(172) Survivor regions: 1->1(39)
[2026-03-14T22:33:56.137+0800] GC(172) Old regions: 10->10
[2026-03-14T22:33:56.137+0800] GC(172) Humongous regions: 100->100
[2026-03-14T22:33:56.137+0800] GC(172) Metaspace: 9679K(9856K)->9679K(9856K) NonClass: 8919K(9024K)->8919K(9024K) Class: 759K(832K)->759K(832K)
[2026-03-14T22:33:56.137+0800] GC(172) Pause Young (Normal) (G1 Evacuation Pause) 414M->108M(512M) 1.495ms
[2026-03-14T22:33:56.137+0800] GC(172) User=0.00s Sys=0.00s Real=0.00s
[2026-03-14T22:34:06.324+0800] GC(173) Pause Young (Normal) (G1 Evacuation Pause)
[2026-03-14T22:34:06.324+0800] GC(173) Using 9 workers of 9 for evacuation
[2026-03-14T22:34:06.325+0800] GC(173)   Pre Evacuate Collection Set: 0.16ms
[2026-03-14T22:34:06.325+0800] GC(173)   Merge Heap Roots: 0.13ms
[2026-03-14T22:34:06.325+0800] GC(173)   Evacuate Collection Set: 0.36ms
[2026-03-14T22:34:06.325+0800] GC(173)   Post Evacuate Collection Set: 0.31ms
[2026-03-14T22:34:06.325+0800] GC(173)   Other: 0.08ms
[2026-03-14T22:34:06.325+0800] GC(173) Eden regions: 306->0(306)
[2026-03-14T22:34:06.325+0800] GC(173) Survivor regions: 1->1(39)
[2026-03-14T22:34:06.325+0800] GC(173) Old regions: 10->10
[2026-03-14T22:34:06.325+0800] GC(173) Humongous regions: 100->100
[2026-03-14T22:34:06.325+0800] GC(173) Metaspace: 9679K(9856K)->9679K(9856K) NonClass: 8919K(9024K)->8919K(9024K) Class: 759K(832K)->759K(832K)
[2026-03-14T22:34:06.325+0800] GC(173) Pause Young (Normal) (G1 Evacuation Pause) 414M->108M(512M) 1.267ms
[2026-03-14T22:34:06.325+0800] GC(173) User=0.00s Sys=0.01s Real=0.00s
[2026-03-14T22:34:16.524+0800] GC(174) Pause Young (Normal) (G1 Evacuation Pause)
[2026-03-14T22:34:16.524+0800] GC(174) Using 9 workers of 9 for evacuation
[2026-03-14T22:34:16.526+0800] GC(174)   Pre Evacuate Collection Set: 0.62ms
[2026-03-14T22:34:16.526+0800] GC(174)   Merge Heap Roots: 0.23ms
[2026-03-14T22:34:16.526+0800] GC(174)   Evacuate Collection Set: 0.34ms
[2026-03-14T22:34:16.526+0800] GC(174)   Post Evacuate Collection Set: 0.28ms
[2026-03-14T22:34:16.526+0800] GC(174)   Other: 0.10ms
[2026-03-14T22:34:16.526+0800] GC(174) Eden regions: 306->0(306)
[2026-03-14T22:34:16.526+0800] GC(174) Survivor regions: 1->1(39)
[2026-03-14T22:34:16.526+0800] GC(174) Old regions: 10->10
[2026-03-14T22:34:16.526+0800] GC(174) Humongous regions: 100->100
[2026-03-14T22:34:16.526+0800] GC(174) Metaspace: 9679K(9856K)->9679K(9856K) NonClass: 8919K(9024K)->8919K(9024K) Class: 759K(832K)->759K(832K)
[2026-03-14T22:34:16.526+0800] GC(174) Pause Young (Normal) (G1 Evacuation Pause) 414M->108M(512M) 1.930ms
[2026-03-14T22:34:16.526+0800] GC(174) User=0.00s Sys=0.00s Real=0.00s
[2026-03-14T22:34:26.733+0800] GC(175) Pause Young (Normal) (G1 Evacuation Pause)
[2026-03-14T22:34:26.733+0800] GC(175) Using 9 workers of 9 for evacuation
[2026-03-14T22:34:26.734+0800] GC(175)   Pre Evacuate Collection Set: 0.12ms
[2026-03-14T22:34:26.734+0800] GC(175)   Merge Heap Roots: 0.09ms
[2026-03-14T22:34:26.734+0800] GC(175)   Evacuate Collection Set: 0.34ms
[2026-03-14T22:34:26.734+0800] GC(175)   Post Evacuate Collection Set: 0.41ms
[2026-03-14T22:34:26.734+0800] GC(175)   Other: 0.08ms
[2026-03-14T22:34:26.734+0800] GC(175) Eden regions: 306->0(306)
[2026-03-14T22:34:26.734+0800] GC(175) Survivor regions: 1->1(39)
[2026-03-14T22:34:26.734+0800] GC(175) Old regions: 10->10
[2026-03-14T22:34:26.734+0800] GC(175) Humongous regions: 100->100
[2026-03-14T22:34:26.734+0800] GC(175) Metaspace: 9679K(9856K)->9679K(9856K) NonClass: 8919K(9024K)->8919K(9024K) Class: 759K(832K)->759K(832K)
[2026-03-14T22:34:26.734+0800] GC(175) Pause Young (Normal) (G1 Evacuation Pause) 414M->108M(512M) 1.218ms
[2026-03-14T22:34:26.734+0800] GC(175) User=0.00s Sys=0.00s Real=0.00s
[2026-03-14T22:34:36.935+0800] GC(176) Pause Young (Normal) (G1 Evacuation Pause)
[2026-03-14T22:34:36.935+0800] GC(176) Using 9 workers of 9 for evacuation
[2026-03-14T22:34:36.935+0800] GC(176)   Pre Evacuate Collection Set: 0.14ms
[2026-03-14T22:34:36.935+0800] GC(176)   Merge Heap Roots: 0.05ms
[2026-03-14T22:34:36.935+0800] GC(176)   Evacuate Collection Set: 0.25ms
[2026-03-14T22:34:36.935+0800] GC(176)   Post Evacuate Collection Set: 0.20ms
[2026-03-14T22:34:36.935+0800] GC(176)   Other: 0.05ms
[2026-03-14T22:34:36.935+0800] GC(176) Eden regions: 306->0(306)
[2026-03-14T22:34:36.935+0800] GC(176) Survivor regions: 1->1(39)
[2026-03-14T22:34:36.935+0800] GC(176) Old regions: 10->10
[2026-03-14T22:34:36.935+0800] GC(176) Humongous regions: 100->100
[2026-03-14T22:34:36.935+0800] GC(176) Metaspace: 9679K(9856K)->9679K(9856K) NonClass: 8919K(9024K)->8919K(9024K) Class: 759K(832K)->759K(832K)
[2026-03-14T22:34:36.935+0800] GC(176) Pause Young (Normal) (G1 Evacuation Pause) 414M->108M(512M) 0.831ms
[2026-03-14T22:34:36.935+0800] GC(176) User=0.00s Sys=0.00s Real=0.00s
[2026-03-14T22:34:47.128+0800] GC(177) Pause Young (Normal) (G1 Evacuation Pause)
[2026-03-14T22:34:47.128+0800] GC(177) Using 9 workers of 9 for evacuation
[2026-03-14T22:34:47.129+0800] GC(177)   Pre Evacuate Collection Set: 0.15ms
[2026-03-14T22:34:47.129+0800] GC(177)   Merge Heap Roots: 0.13ms
[2026-03-14T22:34:47.129+0800] GC(177)   Evacuate Collection Set: 0.29ms
[2026-03-14T22:34:47.129+0800] GC(177)   Post Evacuate Collection Set: 0.26ms
[2026-03-14T22:34:47.129+0800] GC(177)   Other: 0.08ms
[2026-03-14T22:34:47.129+0800] GC(177) Eden regions: 306->0(306)
[2026-03-14T22:34:47.129+0800] GC(177) Survivor regions: 1->1(39)
[2026-03-14T22:34:47.129+0800] GC(177) Old regions: 10->10
[2026-03-14T22:34:47.129+0800] GC(177) Humongous regions: 100->100
[2026-03-14T22:34:47.129+0800] GC(177) Metaspace: 9679K(9856K)->9679K(9856K) NonClass: 8919K(9024K)->8919K(9024K) Class: 759K(832K)->759K(832K)
[2026-03-14T22:34:47.129+0800] GC(177) Pause Young (Normal) (G1 Evacuation Pause) 414M->108M(512M) 1.100ms
[2026-03-14T22:34:47.129+0800] GC(177) User=0.00s Sys=0.01s Real=0.00s
[2026-03-14T22:34:57.337+0800] GC(178) Pause Young (Normal) (G1 Evacuation Pause)
[2026-03-14T22:34:57.337+0800] GC(178) Using 9 workers of 9 for evacuation
[2026-03-14T22:34:57.339+0800] GC(178)   Pre Evacuate Collection Set: 0.18ms
[2026-03-14T22:34:57.339+0800] GC(178)   Merge Heap Roots: 0.18ms
[2026-03-14T22:34:57.339+0800] GC(178)   Evacuate Collection Set: 1.19ms
[2026-03-14T22:34:57.339+0800] GC(178)   Post Evacuate Collection Set: 0.35ms
[2026-03-14T22:34:57.339+0800] GC(178)   Other: 0.11ms
[2026-03-14T22:34:57.339+0800] GC(178) Eden regions: 306->0(306)
[2026-03-14T22:34:57.339+0800] GC(178) Survivor regions: 1->1(39)
[2026-03-14T22:34:57.339+0800] GC(178) Old regions: 10->10
[2026-03-14T22:34:57.339+0800] GC(178) Humongous regions: 100->100
[2026-03-14T22:34:57.339+0800] GC(178) Metaspace: 9679K(9856K)->9679K(9856K) NonClass: 8919K(9024K)->8919K(9024K) Class: 759K(832K)->759K(832K)
[2026-03-14T22:34:57.339+0800] GC(178) Pause Young (Normal) (G1 Evacuation Pause) 414M->108M(512M) 2.216ms
[2026-03-14T22:34:57.339+0800] GC(178) User=0.00s Sys=0.00s Real=0.00s
[2026-03-14T22:35:07.522+0800] GC(179) Pause Young (Normal) (G1 Evacuation Pause)
[2026-03-14T22:35:07.522+0800] GC(179) Using 9 workers of 9 for evacuation
[2026-03-14T22:35:07.523+0800] GC(179)   Pre Evacuate Collection Set: 0.20ms
[2026-03-14T22:35:07.523+0800] GC(179)   Merge Heap Roots: 0.16ms
[2026-03-14T22:35:07.523+0800] GC(179)   Evacuate Collection Set: 0.35ms
[2026-03-14T22:35:07.523+0800] GC(179)   Post Evacuate Collection Set: 0.36ms
[2026-03-14T22:35:07.523+0800] GC(179)   Other: 0.09ms
[2026-03-14T22:35:07.523+0800] GC(179) Eden regions: 306->0(306)
[2026-03-14T22:35:07.523+0800] GC(179) Survivor regions: 1->1(39)
[2026-03-14T22:35:07.523+0800] GC(179) Old regions: 10->10
[2026-03-14T22:35:07.523+0800] GC(179) Humongous regions: 100->100
[2026-03-14T22:35:07.523+0800] GC(179) Metaspace: 9679K(9856K)->9679K(9856K) NonClass: 8919K(9024K)->8919K(9024K) Class: 759K(832K)->759K(832K)
[2026-03-14T22:35:07.523+0800] GC(179) Pause Young (Normal) (G1 Evacuation Pause) 414M->108M(512M) 1.381ms
[2026-03-14T22:35:07.523+0800] GC(179) User=0.00s Sys=0.00s Real=0.00s
[2026-03-14T22:35:49.096+0800] Heap
[2026-03-14T22:35:49.096+0800]  garbage-first heap   total reserved 524288K, committed 524288K, used 144655K [0x0000000335000000, 0x0000000355000000)
[2026-03-14T22:35:49.096+0800]   region size 1024K, 34 young (34816K), 1 survivors (1024K)
[2026-03-14T22:35:49.096+0800]  Metaspace       used 9744K, committed 9920K, reserved 1114112K
[2026-03-14T22:35:49.096+0800]   class space    used 766K, committed 832K, reserved 1048576K
